employee_id,date,check_in,check_out,status
1001,5/3/2026,9:18,18:44,PRESENT
1001,5/4/2026,9:35,19:45,OVERTIME
1001,5/5/2026,9:13,17:37,PRESENT
1001,5/7/2026,9:03,19:30,OVERTIME
1001,5/8/2026,9:10,17:32,PRESENT
1001,5/11/2026,9:15,18:07,PRESENT
1001,5/12/2026,9:37,19:02,OVERTIME
1001,5/13/2026,9:37,19:33,OVERTIME
1001,5/14/2026,9:42,19:20,OVERTIME
1001,5/15/2026,9:42,19:19,OVERTIME
1001,5/16/2026,9:00,18:39,PRESENT
1001,5/18/2026,9:16,17:59,PRESENT
1001,5/20/2026,9:18,17:28,PRESENT
1001,5/21/2026,9:39,13:00,OVERTIME
1001,5/22/2026,9:19,19:06,OVERTIME
1001,5/25/2026,9:35,17:17,LATE
1001,5/26/2026,9:21,17:43,PRESENT
1001,5/27/2026,9:31,18:57,LATE
1001,5/29/2026,9:17,17:00,PRESENT
1001,5/31/2026,9:28,19:45,OVERTIME
1002,5/3/2026,9:34,17:53,LATE
1002,5/4/2026,9:27,17:02,PRESENT
1002,5/5/2026,9:02,18:13,PRESENT
1002,5/6/2026,9:22,19:56,OVERTIME
1002,5/7/2026,9:09,17:55,PRESENT
1002,5/8/2026,9:11,18:01,PRESENT
1002,5/9/2026,9:26,19:55,OVERTIME
1002,5/11/2026,9:44,17:24,LATE
1002,5/12/2026,9:14,17:52,PRESENT
1002,5/13/2026,9:14,17:01,PRESENT
1002,5/14/2026,9:17,17:49,PRESENT
1002,5/15/2026,9:25,19:53,OVERTIME
1002,5/16/2026,9:16,17:37,PRESENT
1002,5/18/2026,9:27,18:46,PRESENT
1002,5/19/2026,9:32,17:24,LATE
1002,5/20/2026,9:02,13:00,OVERTIME
1002,5/21/2026,9:34,19:46,OVERTIME
1002,5/22/2026,9:12,18:27,PRESENT
1002,5/25/2026,9:07,19:57,OVERTIME
1002,5/26/2026,9:26,18:25,PRESENT
1002,5/27/2026,9:12,18:42,PRESENT
1002,5/28/2026,9:11,19:36,OVERTIME
1002,5/29/2026,9:00,18:18,PRESENT
1003,5/1/2026,9:28,18:43,PRESENT
1003,5/3/2026,9:10,19:05,OVERTIME
1003,5/4/2026,9:39,18:05,LATE
1003,5/5/2026,9:43,18:14,LATE
1003,5/6/2026,9:02,17:30,PRESENT
1003,5/7/2026,9:29,18:56,PRESENT
1003,5/8/2026,9:44,18:31,LATE
1003,5/11/2026,9:06,18:14,PRESENT
1003,5/12/2026,9:33,18:03,LATE
1003,5/13/2026,9:07,18:08,PRESENT
1003,5/14/2026,9:35,19:20,OVERTIME
1003,5/15/2026,9:39,19:57,OVERTIME
1003,5/16/2026,9:10,19:55,OVERTIME
1003,5/18/2026,9:40,18:49,LATE
1003,5/19/2026,9:15,18:28,PRESENT
1003,5/20/2026,9:17,18:20,PRESENT
1003,5/21/2026,9:09,17:24,PRESENT
1003,5/22/2026,9:04,18:26,PRESENT
1003,5/25/2026,9:24,13:00,OVERTIME
1003,5/26/2026,9:36,13:00,HALF_DAY
1003,5/27/2026,9:24,18:34,PRESENT
1003,5/28/2026,9:38,17:31,LATE
1003,5/29/2026,9:01,18:21,PRESENT
1004,5/1/2026,9:08,13:00,OVERTIME
1004,5/5/2026,9:08,18:11,PRESENT
1004,5/6/2026,9:13,18:20,PRESENT
1004,5/7/2026,9:17,18:16,PRESENT
1004,5/8/2026,9:34,17:22,LATE
1004,5/12/2026,9:01,19:09,OVERTIME
1004,5/13/2026,9:07,19:13,OVERTIME
1004,5/14/2026,9:23,17:38,PRESENT
1004,5/15/2026,9:07,17:19,PRESENT
1004,5/18/2026,9:24,18:45,PRESENT
1004,5/19/2026,9:40,17:06,LATE
1004,5/20/2026,9:43,19:51,OVERTIME
1004,5/21/2026,9:02,18:34,PRESENT
1004,5/22/2026,9:32,13:00,OVERTIME
1004,5/25/2026,9:23,19:57,OVERTIME
1004,5/26/2026,9:27,17:46,PRESENT
1004,5/27/2026,9:39,19:49,OVERTIME
1004,5/28/2026,9:37,18:20,LATE
1004,5/29/2026,9:05,18:56,PRESENT
1005,5/1/2026,9:21,17:31,PRESENT
1005,5/4/2026,9:21,18:56,PRESENT
1005,5/5/2026,9:35,17:33,LATE
1005,5/6/2026,9:26,18:35,PRESENT
1005,5/7/2026,9:41,19:31,OVERTIME
1005,5/11/2026,9:42,19:23,OVERTIME
1005,5/12/2026,9:27,19:35,OVERTIME
1005,5/13/2026,9:17,18:16,PRESENT
1005,5/14/2026,9:20,17:47,PRESENT
1005,5/15/2026,9:11,17:13,PRESENT
1005,5/18/2026,9:38,18:06,LATE
1005,5/19/2026,9:23,13:00,HALF_DAY
1005,5/20/2026,9:17,17:03,PRESENT
1005,5/21/2026,9:08,19:55,OVERTIME
1005,5/22/2026,9:00,19:18,OVERTIME
1005,5/26/2026,9:30,17:52,PRESENT
1005,5/27/2026,9:36,19:43,OVERTIME
1005,5/28/2026,9:36,18:05,LATE
1005,5/29/2026,9:26,19:38,OVERTIME
1006,5/1/2026,9:28,18:55,PRESENT
1006,5/5/2026,9:06,17:40,PRESENT
1006,5/6/2026,9:10,17:11,PRESENT
1006,5/7/2026,9:26,18:44,PRESENT
1006,5/8/2026,9:14,18:45,PRESENT
1006,5/11/2026,9:40,19:42,OVERTIME
1006,5/12/2026,9:07,19:14,OVERTIME
1006,5/13/2026,9:09,17:03,PRESENT
1006,5/14/2026,9:36,18:28,LATE
1006,5/15/2026,9:44,18:17,LATE
1006,5/19/2026,9:20,13:00,OVERTIME
1006,5/20/2026,9:43,19:37,OVERTIME
1006,5/21/2026,9:43,18:36,LATE
1006,5/22/2026,9:30,19:41,OVERTIME
1006,5/24/2026,9:31,17:30,LATE
1006,5/25/2026,9:42,17:54,LATE
1006,5/26/2026,9:31,18:42,LATE
1006,5/27/2026,9:35,17:29,LATE
1006,5/28/2026,9:07,18:55,PRESENT
1006,5/29/2026,9:42,19:29,OVERTIME
1007,5/1/2026,9:40,18:48,LATE
1007,5/4/2026,9:44,13:00,HALF_DAY
1007,5/5/2026,9:15,19:10,OVERTIME
1007,5/7/2026,9:14,17:29,PRESENT
1007,5/8/2026,9:09,18:59,PRESENT
1007,5/11/2026,9:30,17:29,PRESENT
1007,5/12/2026,9:38,19:47,OVERTIME
1007,5/13/2026,9:17,18:21,PRESENT
1007,5/14/2026,9:00,18:46,PRESENT
1007,5/15/2026,9:42,18:55,LATE
1007,5/18/2026,9:34,18:29,LATE
1007,5/19/2026,9:44,17:36,LATE
1007,5/20/2026,9:26,17:20,PRESENT
1007,5/21/2026,9:24,18:42,PRESENT
1007,5/22/2026,9:09,18:02,PRESENT
1007,5/23/2026,9:06,18:06,PRESENT
1007,5/25/2026,9:26,19:09,OVERTIME
1007,5/26/2026,9:16,18:39,PRESENT
1007,5/27/2026,9:21,19:54,OVERTIME
1007,5/28/2026,9:40,19:56,OVERTIME
1007,5/29/2026,9:02,19:04,OVERTIME
1008,5/1/2026,9:05,18:06,PRESENT
1008,5/4/2026,9:19,17:02,PRESENT
1008,5/6/2026,9:27,17:15,PRESENT
1008,5/7/2026,9:11,17:11,PRESENT
1008,5/8/2026,9:39,19:15,OVERTIME
1008,5/11/2026,9:29,13:00,HALF_DAY
1008,5/12/2026,9:18,19:34,OVERTIME
1008,5/13/2026,9:22,19:19,OVERTIME
1008,5/14/2026,9:16,18:54,PRESENT
1008,5/15/2026,9:30,17:15,PRESENT
1008,5/18/2026,9:01,19:25,OVERTIME
1008,5/19/2026,9:43,19:03,OVERTIME
1008,5/20/2026,9:18,17:38,PRESENT
1008,5/21/2026,9:12,19:16,OVERTIME
1008,5/22/2026,9:42,19:53,OVERTIME
1008,5/26/2026,9:02,19:23,OVERTIME
1008,5/27/2026,9:18,18:47,PRESENT
1008,5/28/2026,9:34,18:33,LATE
1008,5/29/2026,9:10,18:58,PRESENT
1008,5/31/2026,9:21,17:29,PRESENT
1009,5/1/2026,9:14,19:46,OVERTIME
1009,5/3/2026,9:05,18:00,PRESENT
1009,5/4/2026,9:23,19:47,OVERTIME
1009,5/5/2026,9:40,18:06,LATE
1009,5/6/2026,9:39,19:20,OVERTIME
1009,5/7/2026,9:04,19:52,OVERTIME
1009,5/8/2026,9:41,18:07,LATE
1009,5/9/2026,9:31,17:06,LATE
1009,5/11/2026,9:23,19:47,OVERTIME
1009,5/12/2026,9:37,19:46,OVERTIME
1009,5/13/2026,9:06,18:39,PRESENT
1009,5/14/2026,9:02,19:23,OVERTIME
1009,5/15/2026,9:15,18:06,PRESENT
1009,5/17/2026,9:03,18:17,PRESENT
1009,5/18/2026,9:29,17:42,PRESENT
1009,5/19/2026,9:01,17:50,PRESENT
1009,5/20/2026,9:36,17:04,LATE
1009,5/21/2026,9:37,17:52,LATE
1009,5/22/2026,9:09,19:00,OVERTIME
1009,5/23/2026,9:34,18:51,LATE
1009,5/27/2026,9:15,13:00,OVERTIME
1009,5/28/2026,9:08,19:26,OVERTIME
1009,5/29/2026,9:30,18:49,PRESENT
1010,5/1/2026,9:39,17:46,LATE
1010,5/2/2026,9:29,19:01,OVERTIME
1010,5/4/2026,9:43,17:31,LATE
1010,5/5/2026,9:05,18:38,PRESENT
1010,5/6/2026,9:39,19:37,OVERTIME
1010,5/7/2026,9:38,19:18,OVERTIME
1010,5/8/2026,9:06,19:07,OVERTIME
1010,5/11/2026,9:13,18:28,PRESENT
1010,5/12/2026,9:29,18:26,PRESENT
1010,5/13/2026,9:20,19:16,OVERTIME
1010,5/14/2026,9:30,17:05,PRESENT
1010,5/15/2026,9:06,19:47,OVERTIME
1010,5/18/2026,9:35,18:42,LATE
1010,5/19/2026,9:42,18:55,LATE
1010,5/21/2026,9:19,18:06,PRESENT
1010,5/22/2026,9:42,18:14,LATE
1010,5/25/2026,9:17,19:14,OVERTIME
1010,5/26/2026,9:39,19:43,OVERTIME
1010,5/28/2026,9:44,18:01,LATE
1010,5/29/2026,9:19,13:00,HALF_DAY
1010,5/30/2026,9:25,17:09,PRESENT
1010,5/31/2026,9:33,17:24,LATE
1011,5/1/2026,9:23,18:46,PRESENT
1011,5/2/2026,9:03,17:10,PRESENT
1011,5/4/2026,9:28,19:27,OVERTIME
1011,5/5/2026,9:17,17:48,PRESENT
1011,5/6/2026,9:07,18:43,PRESENT
1011,5/7/2026,9:42,18:02,LATE
1011,5/8/2026,9:03,17:13,PRESENT
1011,5/11/2026,9:20,17:00,PRESENT
1011,5/12/2026,9:08,18:34,PRESENT
1011,5/13/2026,9:42,18:04,LATE
1011,5/14/2026,9:27,17:29,PRESENT
1011,5/15/2026,9:36,18:36,LATE
1011,5/18/2026,9:20,17:51,PRESENT
1011,5/19/2026,9:44,18:05,LATE
1011,5/20/2026,9:27,19:25,OVERTIME
1011,5/21/2026,9:19,19:21,OVERTIME
1011,5/22/2026,9:04,19:40,OVERTIME
1011,5/24/2026,9:41,17:15,LATE
1011,5/25/2026,9:11,19:09,OVERTIME
1011,5/26/2026,9:11,19:31,OVERTIME
1011,5/27/2026,9:37,18:43,LATE
1011,5/28/2026,9:40,19:20,OVERTIME
1011,5/29/2026,9:09,18:04,PRESENT
1012,5/1/2026,9:22,19:04,OVERTIME
1012,5/4/2026,9:04,19:55,OVERTIME
1012,5/5/2026,9:38,19:24,OVERTIME
1012,5/6/2026,9:02,18:58,PRESENT
1012,5/7/2026,9:20,19:30,OVERTIME
1012,5/8/2026,9:28,17:51,PRESENT
1012,5/11/2026,9:11,17:15,PRESENT
1012,5/12/2026,9:33,19:39,OVERTIME
1012,5/13/2026,9:18,18:26,PRESENT
1012,5/14/2026,9:03,19:41,OVERTIME
1012,5/15/2026,9:35,19:24,OVERTIME
1012,5/18/2026,9:09,18:05,PRESENT
1012,5/19/2026,9:22,18:41,PRESENT
1012,5/20/2026,9:38,19:05,OVERTIME
1012,5/21/2026,9:21,17:42,PRESENT
1012,5/22/2026,9:43,19:05,OVERTIME
1012,5/25/2026,9:11,17:21,PRESENT
1012,5/26/2026,9:14,17:09,PRESENT
1012,5/27/2026,9:06,19:49,OVERTIME
1012,5/28/2026,9:33,17:42,LATE
1012,5/29/2026,9:08,19:24,OVERTIME
1013,5/1/2026,9:10,19:28,OVERTIME
1013,5/4/2026,9:39,18:48,LATE
1013,5/5/2026,9:34,17:19,LATE
1013,5/6/2026,9:12,18:43,PRESENT
1013,5/7/2026,9:29,18:49,PRESENT
1013,5/8/2026,9:10,17:51,PRESENT
1013,5/11/2026,9:06,19:54,OVERTIME
1013,5/12/2026,9:05,17:17,PRESENT
1013,5/13/2026,9:27,17:58,PRESENT
1013,5/14/2026,9:22,17:26,PRESENT
1013,5/15/2026,9:15,18:05,PRESENT
1013,5/17/2026,9:41,18:50,LATE
1013,5/19/2026,9:30,19:53,OVERTIME
1013,5/20/2026,9:28,19:00,OVERTIME
1013,5/22/2026,9:09,19:46,OVERTIME
1013,5/25/2026,9:07,17:15,PRESENT
1013,5/26/2026,9:29,17:07,PRESENT
1013,5/27/2026,9:34,17:40,LATE
1013,5/28/2026,9:09,13:00,HALF_DAY
1013,5/29/2026,9:36,18:11,LATE
1014,5/1/2026,9:32,13:00,OVERTIME
1014,5/4/2026,9:01,18:50,PRESENT
1014,5/5/2026,9:42,19:06,OVERTIME
1014,5/6/2026,9:21,17:02,PRESENT
1014,5/7/2026,9:41,17:53,LATE
1014,5/8/2026,9:44,18:40,LATE
1014,5/11/2026,9:02,18:12,PRESENT
1014,5/12/2026,9:02,18:59,PRESENT
1014,5/13/2026,9:34,18:16,LATE
1014,5/14/2026,9:18,18:55,PRESENT
1014,5/15/2026,9:21,18:07,PRESENT
1014,5/18/2026,9:24,18:11,PRESENT
1014,5/19/2026,9:33,18:51,LATE
1014,5/20/2026,9:27,19:52,OVERTIME
1014,5/21/2026,9:06,17:20,PRESENT
1014,5/22/2026,9:38,19:27,OVERTIME
1014,5/25/2026,9:22,19:27,OVERTIME
1014,5/26/2026,9:03,17:42,PRESENT
1014,5/27/2026,9:43,17:01,LATE
1014,5/28/2026,9:28,17:08,PRESENT
1014,5/29/2026,9:23,18:24,PRESENT
1015,5/1/2026,9:23,18:28,PRESENT
1015,5/4/2026,9:41,18:15,LATE
1015,5/6/2026,9:33,18:58,LATE
1015,5/7/2026,9:16,19:28,OVERTIME
1015,5/8/2026,9:44,18:12,LATE
1015,5/9/2026,9:45,18:05,LATE
1015,5/10/2026,9:42,18:45,LATE
1015,5/11/2026,9:19,17:45,PRESENT
1015,5/12/2026,9:11,18:32,PRESENT
1015,5/13/2026,9:08,17:50,PRESENT
1015,5/14/2026,9:36,18:29,LATE
1015,5/15/2026,9:39,17:04,LATE
1015,5/16/2026,9:33,18:49,LATE
1015,5/18/2026,9:20,19:04,OVERTIME
1015,5/19/2026,9:22,17:56,PRESENT
1015,5/20/2026,9:37,17:49,LATE
1015,5/21/2026,9:03,17:33,PRESENT
1015,5/22/2026,9:20,19:14,OVERTIME
1015,5/23/2026,9:05,18:12,PRESENT
1015,5/25/2026,9:19,19:34,OVERTIME
1015,5/26/2026,9:37,19:09,OVERTIME
1015,5/27/2026,9:38,18:53,LATE
1015,5/29/2026,9:05,17:41,PRESENT
1016,5/1/2026,9:39,19:01,OVERTIME
1016,5/4/2026,9:30,17:51,PRESENT
1016,5/5/2026,9:29,17:44,PRESENT
1016,5/6/2026,9:30,18:13,PRESENT
1016,5/7/2026,9:45,18:46,LATE
1016,5/8/2026,9:25,17:48,PRESENT
1016,5/11/2026,9:17,18:15,PRESENT
1016,5/13/2026,9:39,18:15,LATE
1016,5/14/2026,9:20,19:46,OVERTIME
1016,5/15/2026,9:31,19:29,OVERTIME
1016,5/18/2026,9:32,18:15,LATE
1016,5/19/2026,9:03,18:31,PRESENT
1016,5/20/2026,9:43,18:18,LATE
1016,5/21/2026,9:27,17:56,PRESENT
1016,5/22/2026,9:25,18:02,PRESENT
1016,5/25/2026,9:04,18:32,PRESENT
1016,5/26/2026,9:39,19:39,OVERTIME
1016,5/27/2026,9:25,18:50,PRESENT
1016,5/28/2026,9:23,17:12,PRESENT
1016,5/29/2026,9:02,17:02,PRESENT
1017,5/1/2026,9:38,19:08,OVERTIME
1017,5/4/2026,9:19,19:21,OVERTIME
1017,5/5/2026,9:31,19:36,OVERTIME
1017,5/6/2026,9:23,18:43,PRESENT
1017,5/7/2026,9:19,19:55,OVERTIME
1017,5/10/2026,9:37,19:14,OVERTIME
1017,5/11/2026,9:10,19:40,OVERTIME
1017,5/12/2026,9:24,17:52,PRESENT
1017,5/14/2026,9:07,17:01,PRESENT
1017,5/15/2026,9:26,19:13,OVERTIME
1017,5/17/2026,9:03,19:08,OVERTIME
1017,5/18/2026,9:42,18:33,LATE
1017,5/19/2026,9:29,19:21,OVERTIME
1017,5/20/2026,9:43,19:51,OVERTIME
1017,5/21/2026,9:12,17:17,PRESENT
1017,5/22/2026,9:19,18:45,PRESENT
1017,5/25/2026,9:17,18:07,PRESENT
1017,5/26/2026,9:25,18:49,PRESENT
1017,5/27/2026,9:18,19:05,OVERTIME
1017,5/28/2026,9:16,19:30,OVERTIME
1017,5/29/2026,9:17,19:44,OVERTIME
1018,5/1/2026,9:03,19:57,OVERTIME
1018,5/4/2026,9:45,18:06,LATE
1018,5/5/2026,9:35,17:26,LATE
1018,5/6/2026,9:30,18:41,PRESENT
1018,5/7/2026,9:20,18:41,PRESENT
1018,5/8/2026,9:41,19:14,OVERTIME
1018,5/10/2026,9:11,18:56,PRESENT
1018,5/11/2026,9:02,18:50,PRESENT
1018,5/12/2026,9:18,17:00,PRESENT
1018,5/13/2026,9:21,18:29,PRESENT
1018,5/14/2026,9:31,17:54,LATE
1018,5/15/2026,9:07,18:10,PRESENT
1018,5/19/2026,9:18,19:43,OVERTIME
1018,5/20/2026,9:40,18:52,LATE
1018,5/21/2026,9:25,19:06,OVERTIME
1018,5/22/2026,9:20,17:00,PRESENT
1018,5/25/2026,9:19,19:46,OVERTIME
1018,5/26/2026,9:23,19:15,OVERTIME
1018,5/27/2026,9:19,17:25,PRESENT
1018,5/28/2026,9:45,18:44,LATE
1018,5/29/2026,9:18,18:39,PRESENT
1018,5/30/2026,9:29,19:38,OVERTIME
1019,5/1/2026,9:34,19:52,OVERTIME
1019,5/4/2026,9:05,19:28,OVERTIME
1019,5/5/2026,9:36,17:03,LATE
1019,5/6/2026,9:12,19:34,OVERTIME
1019,5/7/2026,9:33,18:07,LATE
1019,5/8/2026,9:31,17:57,LATE
1019,5/9/2026,9:32,18:29,LATE
1019,5/11/2026,9:19,19:01,OVERTIME
1019,5/12/2026,9:13,19:04,OVERTIME
1019,5/13/2026,9:04,19:03,OVERTIME
1019,5/15/2026,9:02,18:26,PRESENT
1019,5/18/2026,9:26,18:57,PRESENT
1019,5/19/2026,9:24,18:05,PRESENT
1019,5/20/2026,9:34,17:41,LATE
1019,5/21/2026,9:34,18:33,LATE
1019,5/22/2026,9:00,17:19,PRESENT
1019,5/25/2026,9:14,17:29,PRESENT
1019,5/26/2026,9:07,17:51,PRESENT
1019,5/27/2026,9:01,17:13,PRESENT
1019,5/28/2026,9:28,19:43,OVERTIME
1020,5/1/2026,9:13,17:08,PRESENT
1020,5/3/2026,9:20,19:38,OVERTIME
1020,5/4/2026,9:15,18:56,PRESENT
1020,5/5/2026,9:14,18:19,PRESENT
1020,5/6/2026,9:37,19:58,OVERTIME
1020,5/7/2026,9:35,18:03,LATE
1020,5/8/2026,9:42,18:50,LATE
1020,5/11/2026,9:11,19:30,OVERTIME
1020,5/12/2026,9:45,17:51,LATE
1020,5/14/2026,9:26,19:33,OVERTIME
1020,5/15/2026,9:13,18:41,PRESENT
1020,5/18/2026,9:12,17:17,PRESENT
1020,5/19/2026,9:02,17:12,PRESENT
1020,5/20/2026,9:42,19:13,OVERTIME
1020,5/21/2026,9:21,13:00,HALF_DAY
1020,5/22/2026,9:07,19:48,OVERTIME
1020,5/25/2026,9:15,19:20,OVERTIME
1020,5/26/2026,9:34,19:22,OVERTIME
1020,5/27/2026,9:31,18:06,LATE
1020,5/28/2026,9:20,17:23,PRESENT
1020,5/30/2026,9:01,18:35,PRESENT
1021,5/1/2026,9:09,17:21,PRESENT
1021,5/4/2026,9:43,18:16,LATE
1021,5/5/2026,9:41,19:31,OVERTIME
1021,5/6/2026,9:22,17:08,PRESENT
1021,5/7/2026,9:34,19:03,OVERTIME
1021,5/8/2026,9:04,19:03,OVERTIME
1021,5/10/2026,9:45,17:00,LATE
1021,5/11/2026,9:03,19:40,OVERTIME
1021,5/12/2026,9:30,13:00,OVERTIME
1021,5/13/2026,9:26,17:01,PRESENT
1021,5/14/2026,9:18,17:32,PRESENT
1021,5/15/2026,9:11,17:58,PRESENT
1021,5/18/2026,9:22,18:50,PRESENT
1021,5/19/2026,9:25,18:36,PRESENT
1021,5/20/2026,9:19,19:52,OVERTIME
1021,5/21/2026,9:41,17:05,LATE
1021,5/22/2026,9:30,13:00,HALF_DAY
1021,5/25/2026,9:21,19:54,OVERTIME
1021,5/26/2026,9:02,17:13,PRESENT
1021,5/27/2026,9:36,18:17,LATE
1021,5/29/2026,9:34,19:42,OVERTIME
1021,5/30/2026,9:13,19:09,OVERTIME
1022,5/1/2026,9:04,18:10,PRESENT
1022,5/3/2026,9:34,18:24,LATE
1022,5/4/2026,9:44,19:05,OVERTIME
1022,5/5/2026,9:03,17:27,PRESENT
1022,5/7/2026,9:39,19:25,OVERTIME
1022,5/8/2026,9:40,18:50,LATE
1022,5/11/2026,9:27,17:43,PRESENT
1022,5/12/2026,9:39,18:51,LATE
1022,5/14/2026,9:24,19:50,OVERTIME
1022,5/15/2026,9:20,18:06,PRESENT
1022,5/16/2026,9:17,17:08,PRESENT
1022,5/18/2026,9:32,13:00,HALF_DAY
1022,5/19/2026,9:05,19:38,OVERTIME
1022,5/20/2026,9:00,18:26,PRESENT
1022,5/21/2026,9:35,17:36,LATE
1022,5/22/2026,9:10,17:17,PRESENT
1022,5/25/2026,9:26,18:30,PRESENT
1022,5/26/2026,9:15,19:40,OVERTIME
1022,5/27/2026,9:29,17:08,PRESENT
1022,5/28/2026,9:21,19:24,OVERTIME
1022,5/29/2026,9:21,18:52,PRESENT
1023,5/1/2026,9:38,19:12,OVERTIME
1023,5/4/2026,9:44,19:31,OVERTIME
1023,5/5/2026,9:20,18:17,PRESENT
1023,5/6/2026,9:07,19:12,OVERTIME
1023,5/7/2026,9:43,19:01,OVERTIME
1023,5/8/2026,9:45,17:28,LATE
1023,5/10/2026,9:43,18:08,LATE
1023,5/11/2026,9:42,17:45,LATE
1023,5/12/2026,9:28,19:30,OVERTIME
1023,5/13/2026,9:44,18:34,LATE
1023,5/14/2026,9:44,19:38,OVERTIME
1023,5/15/2026,9:15,19:42,OVERTIME
1023,5/18/2026,9:43,19:25,OVERTIME
1023,5/19/2026,9:27,17:00,PRESENT
1023,5/20/2026,9:33,19:37,OVERTIME
1023,5/21/2026,9:23,18:29,PRESENT
1023,5/22/2026,9:32,17:22,LATE
1023,5/25/2026,9:05,17:53,PRESENT
1023,5/26/2026,9:19,18:29,PRESENT
1023,5/27/2026,9:22,18:06,PRESENT
1023,5/28/2026,9:20,17:19,PRESENT
1023,5/29/2026,9:01,18:41,PRESENT
1023,5/30/2026,9:15,19:11,OVERTIME
1024,5/1/2026,9:29,17:51,PRESENT
1024,5/4/2026,9:01,19:39,OVERTIME
1024,5/5/2026,9:27,18:00,PRESENT
1024,5/6/2026,9:45,17:36,LATE
1024,5/7/2026,9:11,18:20,PRESENT
1024,5/8/2026,9:42,18:33,LATE
1024,5/11/2026,9:07,18:22,PRESENT
1024,5/12/2026,9:43,19:51,OVERTIME
1024,5/13/2026,9:05,19:08,OVERTIME
1024,5/14/2026,9:07,17:23,PRESENT
1024,5/15/2026,9:26,19:08,OVERTIME
1024,5/18/2026,9:41,17:35,LATE
1024,5/19/2026,9:11,18:53,PRESENT
1024,5/21/2026,9:00,18:08,PRESENT
1024,5/22/2026,9:35,19:41,OVERTIME
1024,5/25/2026,9:31,17:05,LATE
1024,5/26/2026,9:14,18:02,PRESENT
1024,5/27/2026,9:10,18:36,PRESENT
1024,5/28/2026,9:35,19:07,OVERTIME
1024,5/29/2026,9:34,18:34,LATE
1025,5/1/2026,9:27,17:47,PRESENT
1025,5/4/2026,9:28,18:22,PRESENT
1025,5/5/2026,9:07,17:13,PRESENT
1025,5/6/2026,9:22,19:39,OVERTIME
1025,5/7/2026,9:08,17:52,PRESENT
1025,5/11/2026,9:20,19:18,OVERTIME
1025,5/12/2026,9:32,19:52,OVERTIME
1025,5/13/2026,9:26,17:17,PRESENT
1025,5/14/2026,9:08,17:09,PRESENT
1025,5/15/2026,9:43,18:31,LATE
1025,5/18/2026,9:04,19:50,OVERTIME
1025,5/19/2026,9:32,19:17,OVERTIME
1025,5/20/2026,9:29,18:20,PRESENT
1025,5/21/2026,9:05,19:29,OVERTIME
1025,5/22/2026,9:04,19:25,OVERTIME
1025,5/25/2026,9:18,18:35,PRESENT
1025,5/26/2026,9:31,18:57,LATE
1025,5/28/2026,9:29,17:07,PRESENT
1025,5/29/2026,9:29,17:27,PRESENT
1026,5/1/2026,9:10,18:05,PRESENT
1026,5/4/2026,9:10,17:25,PRESENT
1026,5/5/2026,9:14,18:41,PRESENT
1026,5/6/2026,9:13,18:04,PRESENT
1026,5/7/2026,9:43,13:00,HALF_DAY
1026,5/8/2026,9:07,18:44,PRESENT
1026,5/11/2026,9:06,17:20,PRESENT
1026,5/12/2026,9:24,17:41,PRESENT
1026,5/13/2026,9:33,19:00,OVERTIME
1026,5/14/2026,9:22,19:13,OVERTIME
1026,5/15/2026,9:26,19:43,OVERTIME
1026,5/17/2026,9:07,19:46,OVERTIME
1026,5/18/2026,9:20,17:15,PRESENT
1026,5/19/2026,9:35,19:38,OVERTIME
1026,5/20/2026,9:44,17:54,LATE
1026,5/21/2026,9:13,19:38,OVERTIME
1026,5/22/2026,9:18,19:03,OVERTIME
1026,5/25/2026,9:15,18:40,PRESENT
1026,5/26/2026,9:00,18:59,PRESENT
1026,5/27/2026,9:36,18:23,LATE
1026,5/28/2026,9:30,17:01,PRESENT
1026,5/31/2026,9:25,19:18,OVERTIME
1027,5/1/2026,9:26,18:44,PRESENT
1027,5/4/2026,9:05,18:05,PRESENT
1027,5/5/2026,9:09,19:20,OVERTIME
1027,5/6/2026,9:41,19:41,OVERTIME
1027,5/7/2026,9:15,17:15,PRESENT
1027,5/8/2026,9:29,19:38,OVERTIME
1027,5/11/2026,9:00,19:08,OVERTIME
1027,5/12/2026,9:22,19:33,OVERTIME
1027,5/13/2026,9:10,18:08,PRESENT
1027,5/14/2026,9:07,17:21,PRESENT
1027,5/15/2026,9:04,18:45,PRESENT
1027,5/18/2026,9:03,18:54,PRESENT
1027,5/19/2026,9:16,17:57,PRESENT
1027,5/20/2026,9:14,13:00,OVERTIME
1027,5/21/2026,9:00,17:02,PRESENT
1027,5/22/2026,9:09,17:59,PRESENT
1027,5/24/2026,9:41,18:14,LATE
1027,5/25/2026,9:20,18:52,PRESENT
1027,5/26/2026,9:32,19:57,OVERTIME
1027,5/27/2026,9:33,17:25,LATE
1027,5/28/2026,9:18,18:20,PRESENT
1027,5/29/2026,9:23,17:18,PRESENT
1028,5/1/2026,9:37,18:49,LATE
1028,5/4/2026,9:09,17:59,PRESENT
1028,5/5/2026,9:22,19:53,OVERTIME
1028,5/7/2026,9:42,18:54,LATE
1028,5/8/2026,9:13,19:15,OVERTIME
1028,5/9/2026,9:09,19:17,OVERTIME
1028,5/10/2026,9:33,18:44,LATE
1028,5/11/2026,9:05,19:06,OVERTIME
1028,5/12/2026,9:25,17:37,PRESENT
1028,5/13/2026,9:08,17:18,PRESENT
1028,5/14/2026,9:25,19:53,OVERTIME
1028,5/15/2026,9:17,17:04,PRESENT
1028,5/18/2026,9:06,17:28,PRESENT
1028,5/19/2026,9:34,18:49,LATE
1028,5/20/2026,9:16,17:05,PRESENT
1028,5/21/2026,9:45,19:38,OVERTIME
1028,5/22/2026,9:20,17:05,PRESENT
1028,5/23/2026,9:03,19:19,OVERTIME
1028,5/25/2026,9:28,19:47,OVERTIME
1028,5/26/2026,9:06,13:00,HALF_DAY
1028,5/27/2026,9:14,17:12,PRESENT
1028,5/28/2026,9:40,19:05,OVERTIME
1028,5/29/2026,9:04,17:04,PRESENT
1028,5/31/2026,9:21,17:02,PRESENT
1029,5/2/2026,9:25,18:01,PRESENT
1029,5/4/2026,9:11,18:17,PRESENT
1029,5/5/2026,9:39,19:39,OVERTIME
1029,5/6/2026,9:26,19:30,OVERTIME
1029,5/7/2026,9:08,18:12,PRESENT
1029,5/8/2026,9:15,19:51,OVERTIME
1029,5/11/2026,9:30,19:50,OVERTIME
1029,5/12/2026,9:32,18:24,LATE
1029,5/14/2026,9:01,18:03,PRESENT
1029,5/15/2026,9:22,19:14,OVERTIME
1029,5/18/2026,9:03,17:36,PRESENT
1029,5/19/2026,9:22,17:11,PRESENT
1029,5/20/2026,9:44,18:58,LATE
1029,5/21/2026,9:22,19:36,OVERTIME
1029,5/22/2026,9:31,19:19,OVERTIME
1029,5/25/2026,9:01,13:00,OVERTIME
1029,5/26/2026,9:12,17:21,PRESENT
1029,5/27/2026,9:20,17:01,PRESENT
1029,5/28/2026,9:09,17:54,PRESENT
1029,5/29/2026,9:04,18:45,PRESENT
1030,5/1/2026,9:08,17:46,PRESENT
1030,5/3/2026,9:11,19:35,OVERTIME
1030,5/4/2026,9:22,17:42,PRESENT
1030,5/5/2026,9:19,19:44,OVERTIME
1030,5/6/2026,9:00,19:36,OVERTIME
1030,5/7/2026,9:36,17:11,LATE
1030,5/8/2026,9:39,17:40,LATE
1030,5/9/2026,9:04,17:22,PRESENT
1030,5/11/2026,9:05,19:42,OVERTIME
1030,5/12/2026,9:28,17:16,PRESENT
1030,5/13/2026,9:22,18:50,PRESENT
1030,5/15/2026,9:26,17:56,PRESENT
1030,5/16/2026,9:24,17:53,PRESENT
1030,5/17/2026,9:43,17:10,LATE
1030,5/18/2026,9:02,18:01,PRESENT
1030,5/19/2026,9:04,18:10,PRESENT
1030,5/20/2026,9:04,19:57,OVERTIME
1030,5/21/2026,9:39,18:45,LATE
1030,5/22/2026,9:10,19:56,OVERTIME
1030,5/25/2026,9:26,19:35,OVERTIME
1030,5/26/2026,9:16,19:18,OVERTIME
1030,5/27/2026,9:25,19:35,OVERTIME
1030,5/28/2026,9:23,17:27,PRESENT
1030,5/29/2026,9:40,19:30,OVERTIME
1031,5/1/2026,9:05,18:54,PRESENT
1031,5/4/2026,9:16,17:41,PRESENT
1031,5/5/2026,9:24,18:11,PRESENT
1031,5/6/2026,9:29,18:14,PRESENT
1031,5/7/2026,9:09,19:42,OVERTIME
1031,5/8/2026,9:34,18:48,LATE
1031,5/10/2026,9:26,19:43,OVERTIME
1031,5/11/2026,9:15,18:19,PRESENT
1031,5/12/2026,9:45,17:32,LATE
1031,5/13/2026,9:36,19:39,OVERTIME
1031,5/14/2026,9:28,17:10,PRESENT
1031,5/15/2026,9:08,17:27,PRESENT
1031,5/18/2026,9:09,19:16,OVERTIME
1031,5/19/2026,9:04,17:24,PRESENT
1031,5/20/2026,9:17,19:29,OVERTIME
1031,5/22/2026,9:37,19:50,OVERTIME
1031,5/25/2026,9:06,17:36,PRESENT
1031,5/26/2026,9:34,18:56,LATE
1031,5/27/2026,9:31,19:38,OVERTIME
1031,5/28/2026,9:25,17:39,PRESENT
1031,5/29/2026,9:02,18:56,PRESENT
1032,5/1/2026,9:17,18:01,PRESENT
1032,5/4/2026,9:44,19:06,OVERTIME
1032,5/5/2026,9:19,19:28,OVERTIME
1032,5/6/2026,9:26,19:41,OVERTIME
1032,5/7/2026,9:26,19:31,OVERTIME
1032,5/8/2026,9:03,19:50,OVERTIME
1032,5/11/2026,9:33,19:01,OVERTIME
1032,5/12/2026,9:12,17:15,PRESENT
1032,5/14/2026,9:12,18:23,PRESENT
1032,5/15/2026,9:40,17:43,LATE
1032,5/18/2026,9:30,19:35,OVERTIME
1032,5/19/2026,9:16,19:53,OVERTIME
1032,5/20/2026,9:24,17:10,PRESENT
1032,5/21/2026,9:13,17:41,PRESENT
1032,5/22/2026,9:41,13:00,HALF_DAY
1032,5/26/2026,9:41,17:38,LATE
1032,5/27/2026,9:38,18:45,LATE
1032,5/28/2026,9:27,18:54,PRESENT
1032,5/29/2026,9:29,18:43,PRESENT
1033,5/2/2026,9:23,19:41,OVERTIME
1033,5/4/2026,9:30,17:21,PRESENT
1033,5/5/2026,9:17,18:41,PRESENT
1033,5/6/2026,9:19,17:09,PRESENT
1033,5/7/2026,9:03,19:25,OVERTIME
1033,5/8/2026,9:01,19:31,OVERTIME
1033,5/11/2026,9:02,19:45,OVERTIME
1033,5/12/2026,9:21,19:45,OVERTIME
1033,5/13/2026,9:30,19:22,OVERTIME
1033,5/14/2026,9:42,19:11,OVERTIME
1033,5/15/2026,9:16,19:51,OVERTIME
1033,5/16/2026,9:21,19:05,OVERTIME
1033,5/18/2026,9:26,18:23,PRESENT
1033,5/19/2026,9:07,18:03,PRESENT
1033,5/20/2026,9:39,17:30,LATE
1033,5/21/2026,9:43,18:33,LATE
1033,5/23/2026,9:12,18:26,PRESENT
1033,5/24/2026,9:09,18:55,PRESENT
1033,5/25/2026,9:31,18:40,LATE
1033,5/26/2026,9:03,17:28,PRESENT
1033,5/27/2026,9:10,19:48,OVERTIME
1033,5/28/2026,9:05,17:39,PRESENT
1033,5/29/2026,9:27,13:00,HALF_DAY
1034,5/1/2026,9:20,13:00,OVERTIME
1034,5/4/2026,9:22,18:08,PRESENT
1034,5/5/2026,9:19,17:04,PRESENT
1034,5/6/2026,9:18,18:46,PRESENT
1034,5/7/2026,9:27,19:08,OVERTIME
1034,5/8/2026,9:22,17:10,PRESENT
1034,5/9/2026,9:14,17:46,PRESENT
1034,5/12/2026,9:07,18:45,PRESENT
1034,5/14/2026,9:16,19:39,OVERTIME
1034,5/15/2026,9:42,17:41,LATE
1034,5/18/2026,9:07,19:16,OVERTIME
1034,5/19/2026,9:44,13:00,OVERTIME
1034,5/20/2026,9:06,19:33,OVERTIME
1034,5/21/2026,9:08,18:53,PRESENT
1034,5/22/2026,9:39,17:18,LATE
1034,5/25/2026,9:16,19:12,OVERTIME
1034,5/26/2026,9:10,17:35,PRESENT
1034,5/27/2026,9:30,13:00,HALF_DAY
1034,5/28/2026,9:07,19:42,OVERTIME
1034,5/29/2026,9:32,17:46,LATE
1034,5/30/2026,9:29,18:16,PRESENT
1035,5/1/2026,9:02,18:23,PRESENT
1035,5/4/2026,9:02,17:54,PRESENT
1035,5/5/2026,9:21,18:57,PRESENT
1035,5/6/2026,9:05,18:52,PRESENT
1035,5/7/2026,9:25,18:17,PRESENT
1035,5/8/2026,9:30,18:41,PRESENT
1035,5/11/2026,9:10,17:26,PRESENT
1035,5/12/2026,9:36,19:28,OVERTIME
1035,5/13/2026,9:22,19:01,OVERTIME
1035,5/14/2026,9:08,18:58,PRESENT
1035,5/15/2026,9:28,17:04,PRESENT
1035,5/18/2026,9:36,19:36,OVERTIME
1035,5/19/2026,9:21,19:33,OVERTIME
1035,5/20/2026,9:27,19:46,OVERTIME
1035,5/21/2026,9:43,19:24,OVERTIME
1035,5/22/2026,9:39,17:00,LATE
1035,5/24/2026,9:10,17:48,PRESENT
1035,5/25/2026,9:17,17:32,PRESENT
1035,5/26/2026,9:25,17:05,PRESENT
1035,5/27/2026,9:28,17:54,PRESENT
1035,5/28/2026,9:31,13:00,OVERTIME
1035,5/29/2026,9:02,13:00,OVERTIME
1036,5/1/2026,9:19,19:35,OVERTIME
1036,5/3/2026,9:03,17:54,PRESENT
1036,5/4/2026,9:39,19:30,OVERTIME
1036,5/5/2026,9:28,17:06,PRESENT
1036,5/6/2026,9:21,18:53,PRESENT
1036,5/7/2026,9:35,19:23,OVERTIME
1036,5/11/2026,9:26,17:16,PRESENT
1036,5/12/2026,9:25,17:29,PRESENT
1036,5/13/2026,9:21,17:48,PRESENT
1036,5/14/2026,9:43,19:07,OVERTIME
1036,5/15/2026,9:42,19:32,OVERTIME
1036,5/19/2026,9:37,18:59,LATE
1036,5/20/2026,9:11,19:37,OVERTIME
1036,5/21/2026,9:06,18:42,PRESENT
1036,5/22/2026,9:32,18:26,LATE
1036,5/23/2026,9:17,18:21,PRESENT
1036,5/25/2026,9:26,19:44,OVERTIME
1036,5/26/2026,9:44,19:55,OVERTIME
1036,5/27/2026,9:35,19:13,OVERTIME
1036,5/28/2026,9:18,19:22,OVERTIME
1036,5/29/2026,9:45,19:11,OVERTIME
1037,5/1/2026,9:22,19:30,OVERTIME
1037,5/2/2026,9:43,19:57,OVERTIME
1037,5/4/2026,9:00,13:00,OVERTIME
1037,5/5/2026,9:42,17:12,LATE
1037,5/6/2026,9:18,19:16,OVERTIME
1037,5/8/2026,9:13,19:02,OVERTIME
1037,5/11/2026,9:35,17:47,LATE
1037,5/12/2026,9:32,19:18,OVERTIME
1037,5/14/2026,9:26,19:20,OVERTIME
1037,5/18/2026,9:28,17:58,PRESENT
1037,5/19/2026,9:23,19:34,OVERTIME
1037,5/20/2026,9:12,18:28,PRESENT
1037,5/21/2026,9:11,17:47,PRESENT
1037,5/22/2026,9:27,18:35,PRESENT
1037,5/25/2026,9:09,17:09,PRESENT
1037,5/26/2026,9:40,19:53,OVERTIME
1037,5/27/2026,9:36,19:22,OVERTIME
1037,5/28/2026,9:33,17:11,LATE
1037,5/29/2026,9:10,18:34,PRESENT
1038,5/1/2026,9:21,18:23,PRESENT
1038,5/2/2026,9:30,19:52,OVERTIME
1038,5/4/2026,9:22,18:15,PRESENT
1038,5/5/2026,9:39,17:02,LATE
1038,5/6/2026,9:07,18:16,PRESENT
1038,5/7/2026,9:33,18:32,LATE
1038,5/8/2026,9:02,18:57,PRESENT
1038,5/11/2026,9:34,19:00,OVERTIME
1038,5/12/2026,9:40,17:55,LATE
1038,5/13/2026,9:13,19:53,OVERTIME
1038,5/14/2026,9:27,19:52,OVERTIME
1038,5/15/2026,9:09,17:29,PRESENT
1038,5/18/2026,9:16,19:04,OVERTIME
1038,5/19/2026,9:16,18:24,PRESENT
1038,5/20/2026,9:20,17:24,PRESENT
1038,5/21/2026,9:41,19:39,OVERTIME
1038,5/22/2026,9:02,19:54,OVERTIME
1038,5/23/2026,9:43,18:38,LATE
1038,5/25/2026,9:25,19:01,OVERTIME
1038,5/26/2026,9:08,19:25,OVERTIME
1038,5/27/2026,9:18,19:09,OVERTIME
1038,5/28/2026,9:41,18:00,LATE
1038,5/29/2026,9:07,17:00,PRESENT
1039,5/1/2026,9:13,19:47,OVERTIME
1039,5/4/2026,9:32,17:10,LATE
1039,5/5/2026,9:16,17:07,PRESENT
1039,5/6/2026,9:03,19:29,OVERTIME
1039,5/8/2026,9:16,17:12,PRESENT
1039,5/11/2026,9:41,17:06,LATE
1039,5/13/2026,9:31,18:21,LATE
1039,5/14/2026,9:37,17:36,LATE
1039,5/15/2026,9:27,17:00,PRESENT
1039,5/18/2026,9:17,18:08,PRESENT
1039,5/19/2026,9:30,18:28,PRESENT
1039,5/20/2026,9:35,17:11,LATE
1039,5/21/2026,9:17,17:57,PRESENT
1039,5/22/2026,9:40,17:46,LATE
1039,5/26/2026,9:25,19:13,OVERTIME
1039,5/27/2026,9:34,19:30,OVERTIME
1039,5/28/2026,9:25,17:57,PRESENT
1039,5/29/2026,9:18,17:29,PRESENT
1040,5/3/2026,9:43,17:48,LATE
1040,5/4/2026,9:11,19:36,OVERTIME
1040,5/5/2026,9:30,18:02,PRESENT
1040,5/6/2026,9:04,18:23,PRESENT
1040,5/7/2026,9:33,18:24,LATE
1040,5/8/2026,9:02,17:41,PRESENT
1040,5/11/2026,9:16,19:34,OVERTIME
1040,5/12/2026,9:24,18:37,PRESENT
1040,5/13/2026,9:33,18:24,LATE
1040,5/14/2026,9:25,18:52,PRESENT
1040,5/15/2026,9:30,19:00,OVERTIME
1040,5/19/2026,9:13,17:11,PRESENT
1040,5/20/2026,9:07,19:14,OVERTIME
1040,5/21/2026,9:07,18:43,PRESENT
1040,5/22/2026,9:10,19:53,OVERTIME
1040,5/25/2026,9:08,19:32,OVERTIME
1040,5/26/2026,9:03,17:16,PRESENT
1040,5/27/2026,9:25,19:36,OVERTIME
1040,5/28/2026,9:42,18:05,LATE
1040,5/29/2026,9:30,18:10,PRESENT
1041,5/1/2026,9:11,19:42,OVERTIME
1041,5/4/2026,9:38,19:04,OVERTIME
1041,5/5/2026,9:06,17:12,PRESENT
1041,5/6/2026,9:43,18:52,LATE
1041,5/7/2026,9:30,19:38,OVERTIME
1041,5/8/2026,9:32,17:05,LATE
1041,5/11/2026,9:43,19:27,OVERTIME
1041,5/12/2026,9:02,19:33,OVERTIME
1041,5/13/2026,9:30,18:22,PRESENT
1041,5/14/2026,9:44,19:06,OVERTIME
1041,5/15/2026,9:14,17:18,PRESENT
1041,5/19/2026,9:00,19:33,OVERTIME
1041,5/21/2026,9:44,18:26,LATE
1041,5/22/2026,9:41,19:16,OVERTIME
1041,5/25/2026,9:43,18:48,LATE
1041,5/26/2026,9:35,18:11,LATE
1041,5/27/2026,9:16,18:36,PRESENT
1041,5/28/2026,9:08,19:07,OVERTIME
1041,5/29/2026,9:44,17:06,LATE
1042,5/1/2026,9:44,19:45,OVERTIME
1042,5/4/2026,9:09,18:59,PRESENT
1042,5/5/2026,9:16,17:23,PRESENT
1042,5/7/2026,9:25,19:41,OVERTIME
1042,5/8/2026,9:38,17:49,LATE
1042,5/11/2026,9:42,19:18,OVERTIME
1042,5/12/2026,9:32,19:44,OVERTIME
1042,5/13/2026,9:02,18:15,PRESENT
1042,5/14/2026,9:05,18:49,PRESENT
1042,5/15/2026,9:25,19:12,OVERTIME
1042,5/18/2026,9:18,19:53,OVERTIME
1042,5/19/2026,9:22,18:14,PRESENT
1042,5/20/2026,9:25,19:00,OVERTIME
1042,5/21/2026,9:06,19:04,OVERTIME
1042,5/22/2026,9:07,19:16,OVERTIME
1042,5/23/2026,9:44,18:24,LATE
1042,5/25/2026,9:29,19:29,OVERTIME
1042,5/26/2026,9:30,17:16,PRESENT
1042,5/27/2026,9:14,19:44,OVERTIME
1042,5/28/2026,9:22,13:00,OVERTIME
1042,5/29/2026,9:15,18:05,PRESENT
1043,5/1/2026,9:11,18:20,PRESENT
1043,5/2/2026,9:43,17:31,LATE
1043,5/4/2026,9:16,17:14,PRESENT
1043,5/5/2026,9:39,18:09,LATE
1043,5/6/2026,9:05,19:42,OVERTIME
1043,5/8/2026,9:02,18:23,PRESENT
1043,5/10/2026,9:17,18:11,PRESENT
1043,5/11/2026,9:17,18:14,PRESENT
1043,5/12/2026,9:33,18:30,LATE
1043,5/14/2026,9:43,17:29,LATE
1043,5/15/2026,9:29,13:00,HALF_DAY
1043,5/18/2026,9:23,19:55,OVERTIME
1043,5/19/2026,9:15,18:30,PRESENT
1043,5/20/2026,9:11,18:27,PRESENT
1043,5/21/2026,9:23,18:54,PRESENT
1043,5/22/2026,9:36,17:36,LATE
1043,5/23/2026,9:15,19:27,OVERTIME
1043,5/25/2026,9:09,13:00,HALF_DAY
1043,5/26/2026,9:08,19:33,OVERTIME
1043,5/27/2026,9:31,18:16,LATE
1043,5/28/2026,9:25,17:44,PRESENT
1043,5/29/2026,9:16,18:53,PRESENT
1044,5/1/2026,9:35,19:59,OVERTIME
1044,5/4/2026,9:43,19:12,OVERTIME
1044,5/5/2026,9:34,17:49,LATE
1044,5/6/2026,9:32,18:49,LATE
1044,5/7/2026,9:24,19:18,OVERTIME
1044,5/8/2026,9:10,19:51,OVERTIME
1044,5/11/2026,9:04,17:10,PRESENT
1044,5/12/2026,9:41,18:45,LATE
1044,5/13/2026,9:17,18:49,PRESENT
1044,5/14/2026,9:37,19:28,OVERTIME
1044,5/15/2026,9:01,17:46,PRESENT
1044,5/18/2026,9:13,17:25,PRESENT
1044,5/20/2026,9:35,17:01,LATE
1044,5/21/2026,9:05,17:16,PRESENT
1044,5/22/2026,9:24,18:14,PRESENT
1044,5/25/2026,9:10,17:02,PRESENT
1044,5/26/2026,9:20,18:29,PRESENT
1044,5/27/2026,9:17,19:28,OVERTIME
1044,5/28/2026,9:34,17:37,LATE
1044,5/29/2026,9:40,19:27,OVERTIME
1045,5/1/2026,9:34,17:51,LATE
1045,5/4/2026,9:00,17:33,PRESENT
1045,5/5/2026,9:22,18:30,PRESENT
1045,5/6/2026,9:31,13:00,HALF_DAY
1045,5/7/2026,9:18,19:14,OVERTIME
1045,5/8/2026,9:12,18:56,PRESENT
1045,5/11/2026,9:24,18:14,PRESENT
1045,5/12/2026,9:15,19:48,OVERTIME
1045,5/13/2026,9:44,19:17,OVERTIME
1045,5/14/2026,9:17,18:12,PRESENT
1045,5/15/2026,9:18,17:40,PRESENT
1045,5/18/2026,9:20,17:09,PRESENT
1045,5/19/2026,9:11,17:18,PRESENT
1045,5/20/2026,9:00,17:05,PRESENT
1045,5/21/2026,9:21,18:19,PRESENT
1045,5/22/2026,9:23,18:44,PRESENT
1045,5/24/2026,9:03,18:49,PRESENT
1045,5/25/2026,9:11,17:57,PRESENT
1045,5/26/2026,9:00,17:49,PRESENT
1045,5/27/2026,9:28,17:47,PRESENT
1045,5/28/2026,9:06,19:42,OVERTIME
1045,5/29/2026,9:43,18:59,LATE
1046,5/1/2026,9:33,17:16,LATE
1046,5/5/2026,9:07,17:40,PRESENT
1046,5/7/2026,9:37,17:25,LATE
1046,5/11/2026,9:38,17:23,LATE
1046,5/12/2026,9:31,17:43,LATE
1046,5/13/2026,9:40,17:03,LATE
1046,5/14/2026,9:34,17:08,LATE
1046,5/15/2026,9:35,19:48,OVERTIME
1046,5/16/2026,9:01,19:24,OVERTIME
1046,5/18/2026,9:31,19:28,OVERTIME
1046,5/19/2026,9:31,17:36,LATE
1046,5/20/2026,9:29,18:55,PRESENT
1046,5/21/2026,9:35,17:04,LATE
1046,5/22/2026,9:16,19:23,OVERTIME
1046,5/25/2026,9:01,19:54,OVERTIME
1046,5/26/2026,9:20,19:04,OVERTIME
1046,5/27/2026,9:24,17:33,PRESENT
1046,5/28/2026,9:09,19:18,OVERTIME
1046,5/29/2026,9:07,17:33,PRESENT
1046,5/31/2026,9:02,17:06,PRESENT
1047,5/1/2026,9:36,19:53,OVERTIME
1047,5/4/2026,9:03,18:14,PRESENT
1047,5/6/2026,9:13,19:31,OVERTIME
1047,5/7/2026,9:29,19:03,OVERTIME
1047,5/8/2026,9:26,18:50,PRESENT
1047,5/9/2026,9:02,19:04,OVERTIME
1047,5/11/2026,9:33,17:06,LATE
1047,5/12/2026,9:12,17:33,PRESENT
1047,5/13/2026,9:11,19:47,OVERTIME
1047,5/14/2026,9:40,19:22,OVERTIME
1047,5/15/2026,9:27,17:10,PRESENT
1047,5/18/2026,9:34,19:28,OVERTIME
1047,5/19/2026,9:35,18:54,LATE
1047,5/20/2026,9:27,19:20,OVERTIME
1047,5/21/2026,9:13,18:49,PRESENT
1047,5/22/2026,9:23,18:28,PRESENT
1047,5/25/2026,9:01,19:08,OVERTIME
1047,5/26/2026,9:19,17:13,PRESENT
1047,5/28/2026,9:44,18:58,LATE
1047,5/29/2026,9:36,17:06,LATE
1048,5/1/2026,9:37,17:14,LATE
1048,5/4/2026,9:13,19:04,OVERTIME
1048,5/5/2026,9:11,18:52,PRESENT
1048,5/6/2026,9:06,19:41,OVERTIME
1048,5/7/2026,9:36,18:05,LATE
1048,5/8/2026,9:21,18:56,PRESENT
1048,5/10/2026,9:14,19:41,OVERTIME
1048,5/11/2026,9:40,19:24,OVERTIME
1048,5/12/2026,9:20,19:36,OVERTIME
1048,5/13/2026,9:14,17:03,PRESENT
1048,5/14/2026,9:28,19:36,OVERTIME
1048,5/15/2026,9:18,18:09,PRESENT
1048,5/19/2026,9:05,18:32,PRESENT
1048,5/20/2026,9:08,18:35,PRESENT
1048,5/21/2026,9:36,17:35,LATE
1048,5/22/2026,9:15,17:04,PRESENT
1048,5/25/2026,9:07,19:26,OVERTIME
1048,5/26/2026,9:20,18:38,PRESENT
1048,5/27/2026,9:10,18:39,PRESENT
1048,5/28/2026,9:39,17:28,LATE
1048,5/29/2026,9:12,19:23,OVERTIME
1049,5/1/2026,9:15,19:59,OVERTIME
1049,5/2/2026,9:21,19:51,OVERTIME
1049,5/5/2026,9:34,17:13,LATE
1049,5/6/2026,9:35,18:39,LATE
1049,5/7/2026,9:44,19:01,OVERTIME
1049,5/8/2026,9:33,17:16,LATE
1049,5/11/2026,9:03,18:41,PRESENT
1049,5/13/2026,9:42,19:23,OVERTIME
1049,5/15/2026,9:41,18:14,LATE
1049,5/18/2026,9:31,19:34,OVERTIME
1049,5/19/2026,9:29,19:59,OVERTIME
1049,5/21/2026,9:19,18:31,PRESENT
1049,5/22/2026,9:22,19:22,OVERTIME
1049,5/24/2026,9:17,17:40,PRESENT
1049,5/25/2026,9:01,19:17,OVERTIME
1049,5/26/2026,9:25,19:08,OVERTIME
1049,5/27/2026,9:43,19:55,OVERTIME
1049,5/28/2026,9:15,19:09,OVERTIME
1049,5/29/2026,9:38,18:28,LATE
1050,5/1/2026,9:12,17:19,PRESENT
1050,5/2/2026,9:27,17:41,PRESENT
1050,5/3/2026,9:35,19:46,OVERTIME
1050,5/4/2026,9:09,19:01,OVERTIME
1050,5/5/2026,9:26,18:19,PRESENT
1050,5/6/2026,9:40,19:17,OVERTIME
1050,5/7/2026,9:08,17:01,PRESENT
1050,5/8/2026,9:17,19:36,OVERTIME
1050,5/13/2026,9:08,19:54,OVERTIME
1050,5/14/2026,9:23,17:54,PRESENT
1050,5/15/2026,9:10,17:14,PRESENT
1050,5/18/2026,9:26,17:47,PRESENT
1050,5/19/2026,9:13,17:11,PRESENT
1050,5/20/2026,9:39,18:44,LATE
1050,5/21/2026,9:15,18:25,PRESENT
1050,5/22/2026,9:24,19:20,OVERTIME
1050,5/23/2026,9:34,19:41,OVERTIME
1050,5/25/2026,9:28,18:52,PRESENT
1050,5/26/2026,9:15,19:34,OVERTIME
1050,5/27/2026,9:35,18:33,LATE
1050,5/28/2026,9:12,18:28,PRESENT
1050,5/29/2026,9:18,18:10,PRESENT
1051,5/1/2026,9:09,18:53,PRESENT
1051,5/4/2026,9:37,19:34,OVERTIME
1051,5/5/2026,9:28,17:11,PRESENT
1051,5/6/2026,9:12,18:05,PRESENT
1051,5/7/2026,9:45,17:45,LATE
1051,5/8/2026,9:45,18:40,LATE
1051,5/11/2026,9:32,19:10,OVERTIME
1051,5/12/2026,9:10,18:36,PRESENT
1051,5/13/2026,9:10,17:11,PRESENT
1051,5/15/2026,9:28,18:40,PRESENT
1051,5/16/2026,9:00,19:48,OVERTIME
1051,5/18/2026,9:34,17:38,LATE
1051,5/19/2026,9:37,19:30,OVERTIME
1051,5/20/2026,9:38,19:00,OVERTIME
1051,5/21/2026,9:39,19:35,OVERTIME
1051,5/22/2026,9:11,17:03,PRESENT
1051,5/24/2026,9:38,18:21,LATE
1051,5/26/2026,9:11,17:43,PRESENT
1051,5/27/2026,9:44,19:36,OVERTIME
1051,5/28/2026,9:29,19:37,OVERTIME
1052,5/1/2026,9:04,18:53,PRESENT
1052,5/4/2026,9:17,18:33,PRESENT
1052,5/5/2026,9:13,19:03,OVERTIME
1052,5/6/2026,9:40,19:05,OVERTIME
1052,5/7/2026,9:45,18:27,LATE
1052,5/8/2026,9:33,19:39,OVERTIME
1052,5/11/2026,9:40,18:31,LATE
1052,5/12/2026,9:14,19:18,OVERTIME
1052,5/15/2026,9:07,19:54,OVERTIME
1052,5/19/2026,9:40,17:00,LATE
1052,5/20/2026,9:16,17:19,PRESENT
1052,5/21/2026,9:00,17:43,PRESENT
1052,5/22/2026,9:36,19:01,OVERTIME
1052,5/24/2026,9:30,18:51,PRESENT
1052,5/25/2026,9:09,19:29,OVERTIME
1052,5/26/2026,9:21,18:50,PRESENT
1052,5/27/2026,9:03,19:19,OVERTIME
1052,5/28/2026,9:35,19:01,OVERTIME
1052,5/29/2026,9:22,17:09,PRESENT
1052,5/31/2026,9:10,19:38,OVERTIME
1053,5/1/2026,9:19,19:54,OVERTIME
1053,5/4/2026,9:15,18:28,PRESENT
1053,5/5/2026,9:33,18:11,LATE
1053,5/6/2026,9:12,17:28,PRESENT
1053,5/7/2026,9:32,17:12,LATE
1053,5/8/2026,9:33,18:49,LATE
1053,5/11/2026,9:33,19:08,OVERTIME
1053,5/13/2026,9:33,17:00,LATE
1053,5/15/2026,9:05,18:29,PRESENT
1053,5/18/2026,9:01,19:48,OVERTIME
1053,5/19/2026,9:20,17:12,PRESENT
1053,5/20/2026,9:28,19:07,OVERTIME
1053,5/21/2026,9:07,17:39,PRESENT
1053,5/22/2026,9:34,18:35,LATE
1053,5/25/2026,9:15,17:04,PRESENT
1053,5/26/2026,9:34,18:03,LATE
1053,5/27/2026,9:43,17:06,LATE
1053,5/28/2026,9:25,17:45,PRESENT
1053,5/29/2026,9:44,19:28,OVERTIME
1053,5/31/2026,9:42,19:05,OVERTIME
1054,5/1/2026,9:29,19:08,OVERTIME
1054,5/2/2026,9:06,18:19,PRESENT
1054,5/4/2026,9:14,17:09,PRESENT
1054,5/5/2026,9:23,18:11,PRESENT
1054,5/6/2026,9:20,18:31,PRESENT
1054,5/7/2026,9:22,18:29,PRESENT
1054,5/8/2026,9:22,19:36,OVERTIME
1054,5/10/2026,9:20,19:41,OVERTIME
1054,5/11/2026,9:29,18:37,PRESENT
1054,5/12/2026,9:35,17:30,LATE
1054,5/13/2026,9:44,19:27,OVERTIME
1054,5/14/2026,9:21,19:44,OVERTIME
1054,5/15/2026,9:04,19:59,OVERTIME
1054,5/16/2026,9:38,18:20,LATE
1054,5/17/2026,9:25,17:38,PRESENT
1054,5/18/2026,9:24,18:31,PRESENT
1054,5/20/2026,9:08,19:57,OVERTIME
1054,5/21/2026,9:09,19:09,OVERTIME
1054,5/22/2026,9:39,19:28,OVERTIME
1054,5/25/2026,9:43,18:58,LATE
1054,5/26/2026,9:22,13:00,HALF_DAY
1054,5/27/2026,9:25,17:54,PRESENT
1054,5/28/2026,9:35,17:00,LATE
1054,5/29/2026,9:22,17:55,PRESENT
1055,5/1/2026,9:40,18:45,LATE
1055,5/4/2026,9:30,17:12,PRESENT
1055,5/5/2026,9:23,18:09,PRESENT
1055,5/6/2026,9:08,17:00,PRESENT
1055,5/8/2026,9:31,19:27,OVERTIME
1055,5/11/2026,9:29,19:38,OVERTIME
1055,5/12/2026,9:29,19:27,OVERTIME
1055,5/13/2026,9:22,17:11,PRESENT
1055,5/15/2026,9:15,19:32,OVERTIME
1055,5/16/2026,9:02,17:36,PRESENT
1055,5/18/2026,9:44,17:09,LATE
1055,5/19/2026,9:17,18:33,PRESENT
1055,5/20/2026,9:05,17:30,PRESENT
1055,5/21/2026,9:42,17:43,LATE
1055,5/22/2026,9:19,19:03,OVERTIME
1055,5/25/2026,9:30,19:46,OVERTIME
1055,5/26/2026,9:18,18:10,PRESENT
1055,5/27/2026,9:19,19:50,OVERTIME
1055,5/29/2026,9:10,19:03,OVERTIME
1056,5/5/2026,9:16,17:39,PRESENT
1056,5/6/2026,9:00,19:07,OVERTIME
1056,5/7/2026,9:09,19:28,OVERTIME
1056,5/8/2026,9:44,17:31,LATE
1056,5/11/2026,9:09,19:59,OVERTIME
1056,5/12/2026,9:26,18:15,PRESENT
1056,5/13/2026,9:10,17:36,PRESENT
1056,5/14/2026,9:41,18:48,LATE
1056,5/18/2026,9:34,17:24,LATE
1056,5/19/2026,9:16,17:33,PRESENT
1056,5/21/2026,9:28,18:43,PRESENT
1056,5/22/2026,9:02,17:58,PRESENT
1056,5/24/2026,9:41,18:21,LATE
1056,5/25/2026,9:16,19:37,OVERTIME
1056,5/26/2026,9:15,19:43,OVERTIME
1056,5/27/2026,9:21,19:44,OVERTIME
1056,5/28/2026,9:00,19:00,OVERTIME
1057,5/1/2026,9:14,19:18,OVERTIME
1057,5/5/2026,9:13,19:40,OVERTIME
1057,5/6/2026,9:05,19:08,OVERTIME
1057,5/7/2026,9:41,19:51,OVERTIME
1057,5/8/2026,9:44,17:16,LATE
1057,5/11/2026,9:17,18:44,PRESENT
1057,5/12/2026,9:20,18:10,PRESENT
1057,5/13/2026,9:03,18:24,PRESENT
1057,5/15/2026,9:16,17:28,PRESENT
1057,5/16/2026,9:25,17:41,PRESENT
1057,5/18/2026,9:13,19:41,OVERTIME
1057,5/19/2026,9:16,17:02,PRESENT
1057,5/20/2026,9:16,18:01,PRESENT
1057,5/21/2026,9:40,17:59,LATE
1057,5/22/2026,9:09,19:21,OVERTIME
1057,5/25/2026,9:31,18:27,LATE
1057,5/26/2026,9:04,13:00,OVERTIME
1057,5/27/2026,9:30,17:36,PRESENT
1057,5/28/2026,9:21,19:19,OVERTIME
1057,5/29/2026,9:41,17:23,LATE
1057,5/30/2026,9:29,18:41,PRESENT
1058,5/1/2026,9:42,17:19,LATE
1058,5/2/2026,9:22,18:05,PRESENT
1058,5/4/2026,9:02,17:01,PRESENT
1058,5/5/2026,9:31,18:04,LATE
1058,5/6/2026,9:31,19:53,OVERTIME
1058,5/7/2026,9:01,17:21,PRESENT
1058,5/8/2026,9:02,18:07,PRESENT
1058,5/11/2026,9:34,17:47,LATE
1058,5/12/2026,9:02,19:09,OVERTIME
1058,5/14/2026,9:39,17:15,LATE
1058,5/15/2026,9:11,19:03,OVERTIME
1058,5/16/2026,9:39,17:53,LATE
1058,5/17/2026,9:31,19:51,OVERTIME
1058,5/19/2026,9:21,19:43,OVERTIME
1058,5/20/2026,9:43,19:34,OVERTIME
1058,5/21/2026,9:13,17:37,PRESENT
1058,5/25/2026,9:23,19:10,OVERTIME
1058,5/26/2026,9:02,17:06,PRESENT
1058,5/27/2026,9:24,17:01,PRESENT
1058,5/28/2026,9:00,17:59,PRESENT
1058,5/29/2026,9:18,18:44,PRESENT
1059,5/1/2026,9:40,18:33,LATE
1059,5/4/2026,9:38,17:45,LATE
1059,5/5/2026,9:40,18:22,LATE
1059,5/6/2026,9:12,17:33,PRESENT
1059,5/7/2026,9:34,19:14,OVERTIME
1059,5/8/2026,9:13,18:03,PRESENT
1059,5/11/2026,9:30,18:11,PRESENT
1059,5/12/2026,9:03,19:23,OVERTIME
1059,5/13/2026,9:21,19:51,OVERTIME
1059,5/14/2026,9:06,19:03,OVERTIME
1059,5/15/2026,9:01,18:32,PRESENT
1059,5/16/2026,9:37,19:20,OVERTIME
1059,5/18/2026,9:14,17:20,PRESENT
1059,5/19/2026,9:26,17:24,PRESENT
1059,5/21/2026,9:03,18:09,PRESENT
1059,5/22/2026,9:11,18:23,PRESENT
1059,5/25/2026,9:12,18:08,PRESENT
1059,5/26/2026,9:17,17:07,PRESENT
1059,5/27/2026,9:10,18:14,PRESENT
1059,5/28/2026,9:40,19:57,OVERTIME
1059,5/29/2026,9:14,17:26,PRESENT
1059,5/31/2026,9:29,18:00,PRESENT
1060,5/1/2026,9:15,17:20,PRESENT
1060,5/3/2026,9:36,17:26,LATE
1060,5/5/2026,9:32,17:27,LATE
1060,5/6/2026,9:44,17:28,LATE
1060,5/7/2026,9:00,19:46,OVERTIME
1060,5/8/2026,9:22,18:15,PRESENT
1060,5/11/2026,9:45,18:54,LATE
1060,5/12/2026,9:29,18:49,PRESENT
1060,5/13/2026,9:11,18:40,PRESENT
1060,5/14/2026,9:40,17:24,LATE
1060,5/15/2026,9:02,18:27,PRESENT
1060,5/18/2026,9:13,19:05,OVERTIME
1060,5/19/2026,9:03,19:58,OVERTIME
1060,5/20/2026,9:07,18:23,PRESENT
1060,5/22/2026,9:41,19:45,OVERTIME
1060,5/25/2026,9:15,19:07,OVERTIME
1060,5/26/2026,9:37,19:13,OVERTIME
1060,5/27/2026,9:20,18:57,PRESENT
1060,5/28/2026,9:17,17:04,PRESENT
1060,5/29/2026,9:32,19:53,OVERTIME
1061,5/1/2026,9:18,18:39,PRESENT
1061,5/4/2026,9:04,17:57,PRESENT
1061,5/5/2026,9:25,17:18,PRESENT
1061,5/7/2026,9:07,19:09,OVERTIME
1061,5/8/2026,9:33,19:01,OVERTIME
1061,5/9/2026,9:08,18:22,PRESENT
1061,5/12/2026,9:01,17:53,PRESENT
1061,5/13/2026,9:26,19:21,OVERTIME
1061,5/14/2026,9:31,19:42,OVERTIME
1061,5/15/2026,9:28,18:19,PRESENT
1061,5/16/2026,9:16,17:30,PRESENT
1061,5/18/2026,9:09,18:18,PRESENT
1061,5/19/2026,9:10,19:34,OVERTIME
1061,5/20/2026,9:45,19:57,OVERTIME
1061,5/21/2026,9:15,17:02,PRESENT
1061,5/22/2026,9:28,18:23,PRESENT
1061,5/25/2026,9:22,17:23,PRESENT
1061,5/26/2026,9:34,18:07,LATE
1061,5/27/2026,9:31,17:29,LATE
1061,5/28/2026,9:34,19:21,OVERTIME
1061,5/29/2026,9:18,19:42,OVERTIME
1061,5/31/2026,9:44,17:46,LATE
1062,5/5/2026,9:14,18:22,PRESENT
1062,5/7/2026,9:37,19:14,OVERTIME
1062,5/8/2026,9:12,17:05,PRESENT
1062,5/11/2026,9:32,18:12,LATE
1062,5/12/2026,9:32,17:58,LATE
1062,5/13/2026,9:45,18:23,LATE
1062,5/15/2026,9:19,18:55,PRESENT
1062,5/17/2026,9:26,18:18,PRESENT
1062,5/18/2026,9:27,19:57,OVERTIME
1062,5/19/2026,9:38,17:09,LATE
1062,5/20/2026,9:33,18:04,LATE
1062,5/21/2026,9:24,17:00,PRESENT
1062,5/22/2026,9:26,17:35,PRESENT
1062,5/24/2026,9:24,18:35,PRESENT
1062,5/25/2026,9:19,19:19,OVERTIME
1062,5/26/2026,9:14,13:00,HALF_DAY
1062,5/27/2026,9:40,19:30,OVERTIME
1062,5/28/2026,9:18,18:11,PRESENT
1062,5/29/2026,9:15,17:07,PRESENT
1062,5/31/2026,9:23,19:30,OVERTIME
1063,5/1/2026,9:40,19:30,OVERTIME
1063,5/2/2026,9:36,17:54,LATE
1063,5/4/2026,9:29,19:08,OVERTIME
1063,5/6/2026,9:40,18:03,LATE
1063,5/7/2026,9:04,19:12,OVERTIME
1063,5/8/2026,9:06,19:48,OVERTIME
1063,5/11/2026,9:19,18:43,PRESENT
1063,5/12/2026,9:34,19:22,OVERTIME
1063,5/14/2026,9:23,18:26,PRESENT
1063,5/15/2026,9:06,17:09,PRESENT
1063,5/16/2026,9:35,19:44,OVERTIME
1063,5/18/2026,9:35,19:48,OVERTIME
1063,5/19/2026,9:04,17:52,PRESENT
1063,5/21/2026,9:44,18:08,LATE
1063,5/22/2026,9:38,19:48,OVERTIME
1063,5/25/2026,9:07,17:08,PRESENT
1063,5/26/2026,9:14,18:08,PRESENT
1063,5/27/2026,9:27,19:48,OVERTIME
1063,5/29/2026,9:27,17:12,PRESENT
1064,5/5/2026,9:06,17:58,PRESENT
1064,5/6/2026,9:12,17:42,PRESENT
1064,5/7/2026,9:17,19:22,OVERTIME
1064,5/8/2026,9:39,17:32,LATE
1064,5/12/2026,9:12,18:10,PRESENT
1064,5/13/2026,9:06,17:58,PRESENT
1064,5/14/2026,9:23,19:37,OVERTIME
1064,5/15/2026,9:06,17:53,PRESENT
1064,5/18/2026,9:07,18:07,PRESENT
1064,5/19/2026,9:31,18:45,LATE
1064,5/20/2026,9:05,18:31,PRESENT
1064,5/21/2026,9:38,19:19,OVERTIME
1064,5/22/2026,9:14,19:26,OVERTIME
1064,5/23/2026,9:04,18:43,PRESENT
1064,5/25/2026,9:43,17:25,LATE
1064,5/26/2026,9:05,17:09,PRESENT
1064,5/27/2026,9:06,19:59,OVERTIME
1064,5/28/2026,9:23,17:21,PRESENT
1064,5/29/2026,9:25,17:14,PRESENT
1065,5/1/2026,9:37,19:17,OVERTIME
1065,5/2/2026,9:22,18:42,PRESENT
1065,5/4/2026,9:17,17:49,PRESENT
1065,5/5/2026,9:31,18:14,LATE
1065,5/6/2026,9:06,19:03,OVERTIME
1065,5/7/2026,9:01,17:24,PRESENT
1065,5/8/2026,9:19,19:39,OVERTIME
1065,5/11/2026,9:29,17:18,PRESENT
1065,5/12/2026,9:16,19:21,OVERTIME
1065,5/13/2026,9:01,17:27,PRESENT
1065,5/14/2026,9:28,18:54,PRESENT
1065,5/15/2026,9:02,17:35,PRESENT
1065,5/17/2026,9:27,17:19,PRESENT
1065,5/18/2026,9:07,19:43,OVERTIME
1065,5/19/2026,9:34,19:30,OVERTIME
1065,5/20/2026,9:32,17:25,LATE
1065,5/21/2026,9:24,19:43,OVERTIME
1065,5/22/2026,9:20,17:01,PRESENT
1065,5/25/2026,9:37,17:48,LATE
1065,5/26/2026,9:06,18:22,PRESENT
1065,5/27/2026,9:03,19:15,OVERTIME
1065,5/28/2026,9:37,17:58,LATE
1065,5/29/2026,9:07,13:00,HALF_DAY
1066,5/1/2026,9:36,19:57,OVERTIME
1066,5/5/2026,9:36,18:20,LATE
1066,5/6/2026,9:06,19:43,OVERTIME
1066,5/7/2026,9:42,18:10,LATE
1066,5/8/2026,9:27,17:31,PRESENT
1066,5/10/2026,9:16,17:19,PRESENT
1066,5/11/2026,9:14,19:47,OVERTIME
1066,5/12/2026,9:37,17:37,LATE
1066,5/14/2026,9:30,18:13,PRESENT
1066,5/16/2026,9:19,18:42,PRESENT
1066,5/18/2026,9:39,19:29,OVERTIME
1066,5/19/2026,9:01,19:45,OVERTIME
1066,5/20/2026,9:31,17:42,LATE
1066,5/21/2026,9:29,18:59,PRESENT
1066,5/22/2026,9:27,19:46,OVERTIME
1066,5/25/2026,9:09,19:43,OVERTIME
1066,5/26/2026,9:26,18:55,PRESENT
1066,5/28/2026,9:26,18:52,PRESENT
1066,5/29/2026,9:43,19:15,OVERTIME
1067,5/1/2026,9:19,18:31,PRESENT
1067,5/5/2026,9:08,17:16,PRESENT
1067,5/6/2026,9:35,17:41,LATE
1067,5/7/2026,9:31,17:03,LATE
1067,5/8/2026,9:38,18:55,LATE
1067,5/9/2026,9:42,19:56,OVERTIME
1067,5/10/2026,9:08,17:07,PRESENT
1067,5/11/2026,9:07,19:42,OVERTIME
1067,5/12/2026,9:33,18:31,LATE
1067,5/13/2026,9:07,18:21,PRESENT
1067,5/14/2026,9:15,18:13,PRESENT
1067,5/15/2026,9:17,18:26,PRESENT
1067,5/18/2026,9:07,18:34,PRESENT
1067,5/19/2026,9:17,17:23,PRESENT
1067,5/20/2026,9:19,17:41,PRESENT
1067,5/21/2026,9:42,17:44,LATE
1067,5/22/2026,9:16,19:24,OVERTIME
1067,5/23/2026,9:43,17:34,LATE
1067,5/24/2026,9:25,18:19,PRESENT
1067,5/25/2026,9:15,18:13,PRESENT
1067,5/26/2026,9:28,19:20,OVERTIME
1067,5/27/2026,9:26,17:17,PRESENT
1067,5/28/2026,9:31,18:47,LATE
1067,5/29/2026,9:45,18:56,LATE
1068,5/1/2026,9:04,18:26,PRESENT
1068,5/2/2026,9:29,19:01,OVERTIME
1068,5/4/2026,9:28,13:00,OVERTIME
1068,5/5/2026,9:19,18:36,PRESENT
1068,5/6/2026,9:33,19:49,OVERTIME
1068,5/7/2026,9:38,19:26,OVERTIME
1068,5/8/2026,9:30,19:08,OVERTIME
1068,5/10/2026,9:12,17:26,PRESENT
1068,5/11/2026,9:24,13:00,OVERTIME
1068,5/13/2026,9:39,19:14,OVERTIME
1068,5/14/2026,9:12,18:44,PRESENT
1068,5/18/2026,9:23,17:36,PRESENT
1068,5/19/2026,9:27,18:52,PRESENT
1068,5/20/2026,9:45,17:12,LATE
1068,5/21/2026,9:17,18:47,PRESENT
1068,5/22/2026,9:13,19:13,OVERTIME
1068,5/25/2026,9:26,17:01,PRESENT
1068,5/26/2026,9:39,18:58,LATE
1068,5/27/2026,9:41,13:00,HALF_DAY
1068,5/28/2026,9:20,19:25,OVERTIME
1068,5/29/2026,9:45,18:47,LATE
1069,5/2/2026,9:22,19:42,OVERTIME
1069,5/4/2026,9:02,17:16,PRESENT
1069,5/5/2026,9:25,19:23,OVERTIME
1069,5/6/2026,9:02,19:11,OVERTIME
1069,5/7/2026,9:21,18:08,PRESENT
1069,5/8/2026,9:27,17:16,PRESENT
1069,5/11/2026,9:17,19:23,OVERTIME
1069,5/12/2026,9:16,19:53,OVERTIME
1069,5/13/2026,9:20,18:57,PRESENT
1069,5/14/2026,9:31,17:35,LATE
1069,5/15/2026,9:28,17:12,PRESENT
1069,5/18/2026,9:45,18:27,LATE
1069,5/19/2026,9:31,17:28,LATE
1069,5/20/2026,9:31,18:31,LATE
1069,5/21/2026,9:09,17:22,PRESENT
1069,5/22/2026,9:11,17:47,PRESENT
1069,5/24/2026,9:37,17:33,LATE
1069,5/25/2026,9:04,17:49,PRESENT
1069,5/26/2026,9:21,17:18,PRESENT
1069,5/27/2026,9:25,18:37,PRESENT
1069,5/28/2026,9:20,17:01,PRESENT
1069,5/29/2026,9:42,18:29,LATE
1070,5/1/2026,9:02,19:39,OVERTIME
1070,5/4/2026,9:36,17:13,LATE
1070,5/5/2026,9:18,18:51,PRESENT
1070,5/7/2026,9:24,17:25,PRESENT
1070,5/8/2026,9:25,17:01,PRESENT
1070,5/11/2026,9:41,17:07,LATE
1070,5/12/2026,9:19,19:38,OVERTIME
1070,5/13/2026,9:23,19:12,OVERTIME
1070,5/14/2026,9:30,18:36,PRESENT
1070,5/15/2026,9:27,18:39,PRESENT
1070,5/18/2026,9:29,19:14,OVERTIME
1070,5/19/2026,9:31,19:40,OVERTIME
1070,5/20/2026,9:29,18:05,PRESENT
1070,5/21/2026,9:09,17:43,PRESENT
1070,5/22/2026,9:33,18:18,LATE
1070,5/24/2026,9:32,18:26,LATE
1070,5/25/2026,9:36,18:22,LATE
1070,5/26/2026,9:32,17:07,LATE
1070,5/27/2026,9:11,18:02,PRESENT
1070,5/28/2026,9:19,18:37,PRESENT
1070,5/29/2026,9:28,19:51,OVERTIME
1070,5/30/2026,9:11,17:11,PRESENT
1070,5/31/2026,9:43,17:27,LATE
1071,5/4/2026,9:44,18:55,LATE
1071,5/5/2026,9:31,18:39,LATE
1071,5/6/2026,9:44,19:44,OVERTIME
1071,5/7/2026,9:05,13:00,HALF_DAY
1071,5/8/2026,9:01,19:12,OVERTIME
1071,5/11/2026,9:27,19:54,OVERTIME
1071,5/12/2026,9:19,18:09,PRESENT
1071,5/14/2026,9:09,19:44,OVERTIME
1071,5/15/2026,9:01,18:37,PRESENT
1071,5/17/2026,9:21,17:06,PRESENT
1071,5/18/2026,9:26,18:47,PRESENT
1071,5/19/2026,9:18,17:31,PRESENT
1071,5/20/2026,9:39,19:57,OVERTIME
1071,5/21/2026,9:45,13:00,HALF_DAY
1071,5/22/2026,9:35,17:17,LATE
1071,5/25/2026,9:41,18:28,LATE
1071,5/27/2026,9:12,18:22,PRESENT
1071,5/28/2026,9:37,19:21,OVERTIME
1071,5/29/2026,9:45,19:29,OVERTIME
1072,5/1/2026,9:43,19:47,OVERTIME
1072,5/3/2026,9:13,18:44,PRESENT
1072,5/4/2026,9:08,17:12,PRESENT
1072,5/5/2026,9:26,18:19,PRESENT
1072,5/6/2026,9:01,18:56,PRESENT
1072,5/7/2026,9:11,19:02,OVERTIME
1072,5/8/2026,9:07,19:14,OVERTIME
1072,5/11/2026,9:22,17:49,PRESENT
1072,5/12/2026,9:09,19:55,OVERTIME
1072,5/13/2026,9:45,17:59,LATE
1072,5/14/2026,9:07,17:50,PRESENT
1072,5/15/2026,9:06,19:02,OVERTIME
1072,5/18/2026,9:23,17:46,PRESENT
1072,5/19/2026,9:32,18:46,LATE
1072,5/20/2026,9:23,18:52,PRESENT
1072,5/21/2026,9:28,18:49,PRESENT
1072,5/22/2026,9:30,18:18,PRESENT
1072,5/25/2026,9:23,19:42,OVERTIME
1072,5/26/2026,9:33,18:50,LATE
1072,5/27/2026,9:26,18:57,PRESENT
1072,5/28/2026,9:43,18:01,LATE
1072,5/29/2026,9:45,19:04,OVERTIME
1072,5/31/2026,9:03,18:48,PRESENT
1073,5/1/2026,9:09,19:03,OVERTIME
1073,5/2/2026,9:33,18:26,LATE
1073,5/4/2026,9:19,19:47,OVERTIME
1073,5/5/2026,9:17,19:39,OVERTIME
1073,5/6/2026,9:28,19:13,OVERTIME
1073,5/7/2026,9:39,19:28,OVERTIME
1073,5/8/2026,9:41,18:49,LATE
1073,5/11/2026,9:08,19:34,OVERTIME
1073,5/12/2026,9:35,18:33,LATE
1073,5/13/2026,9:01,17:56,PRESENT
1073,5/14/2026,9:15,18:46,PRESENT
1073,5/15/2026,9:03,18:16,PRESENT
1073,5/18/2026,9:07,18:19,PRESENT
1073,5/20/2026,9:15,19:37,OVERTIME
1073,5/21/2026,9:40,19:34,OVERTIME
1073,5/22/2026,9:19,18:42,PRESENT
1073,5/25/2026,9:33,19:15,OVERTIME
1073,5/26/2026,9:12,18:29,PRESENT
1073,5/27/2026,9:26,17:05,PRESENT
1073,5/28/2026,9:30,17:28,PRESENT
1073,5/29/2026,9:25,19:35,OVERTIME
1074,5/1/2026,9:27,18:44,PRESENT
1074,5/3/2026,9:09,19:08,OVERTIME
1074,5/4/2026,9:45,19:55,OVERTIME
1074,5/5/2026,9:29,18:02,PRESENT
1074,5/6/2026,9:23,17:38,PRESENT
1074,5/7/2026,9:23,19:18,OVERTIME
1074,5/8/2026,9:23,18:23,PRESENT
1074,5/11/2026,9:37,18:03,LATE
1074,5/12/2026,9:18,17:11,PRESENT
1074,5/13/2026,9:07,19:22,OVERTIME
1074,5/15/2026,9:19,19:28,OVERTIME
1074,5/18/2026,9:38,17:48,LATE
1074,5/19/2026,9:28,19:28,OVERTIME
1074,5/20/2026,9:05,19:42,OVERTIME
1074,5/21/2026,9:25,18:34,PRESENT
1074,5/22/2026,9:28,19:17,OVERTIME
1074,5/23/2026,9:36,19:50,OVERTIME
1074,5/25/2026,9:41,19:05,OVERTIME
1074,5/26/2026,9:36,17:36,LATE
1074,5/27/2026,9:32,17:07,LATE
1074,5/28/2026,9:01,18:50,PRESENT
1074,5/29/2026,9:37,18:05,LATE
1075,5/4/2026,9:33,18:24,LATE
1075,5/5/2026,9:06,19:10,OVERTIME
1075,5/6/2026,9:05,17:19,PRESENT
1075,5/7/2026,9:03,19:20,OVERTIME
1075,5/8/2026,9:19,18:06,PRESENT
1075,5/11/2026,9:07,17:12,PRESENT
1075,5/12/2026,9:15,18:32,PRESENT
1075,5/13/2026,9:07,18:03,PRESENT
1075,5/14/2026,9:04,18:01,PRESENT
1075,5/15/2026,9:01,18:35,PRESENT
1075,5/18/2026,9:08,18:36,PRESENT
1075,5/19/2026,9:40,19:13,OVERTIME
1075,5/20/2026,9:34,17:50,LATE
1075,5/21/2026,9:35,13:00,HALF_DAY
1075,5/22/2026,9:39,18:41,LATE
1075,5/24/2026,9:38,18:53,LATE
1075,5/25/2026,9:40,17:37,LATE
1075,5/26/2026,9:10,19:34,OVERTIME
1075,5/27/2026,9:25,19:07,OVERTIME
1075,5/28/2026,9:17,18:13,PRESENT
1075,5/29/2026,9:20,19:21,OVERTIME
1075,5/30/2026,9:17,17:42,PRESENT
1076,5/1/2026,9:38,18:01,LATE
1076,5/3/2026,9:00,17:43,PRESENT
1076,5/4/2026,9:44,19:31,OVERTIME
1076,5/5/2026,9:41,19:04,OVERTIME
1076,5/6/2026,9:42,18:43,LATE
1076,5/7/2026,9:24,19:22,OVERTIME
1076,5/8/2026,9:44,17:07,LATE
1076,5/9/2026,9:14,19:01,OVERTIME
1076,5/11/2026,9:12,17:52,PRESENT
1076,5/12/2026,9:45,17:14,LATE
1076,5/13/2026,9:02,18:31,PRESENT
1076,5/14/2026,9:13,17:12,PRESENT
1076,5/15/2026,9:07,18:36,PRESENT
1076,5/18/2026,9:43,19:38,OVERTIME
1076,5/20/2026,9:04,17:16,PRESENT
1076,5/21/2026,9:33,19:50,OVERTIME
1076,5/22/2026,9:01,19:43,OVERTIME
1076,5/25/2026,9:27,19:43,OVERTIME
1076,5/27/2026,9:27,18:17,PRESENT
1076,5/28/2026,9:31,18:33,LATE
1076,5/29/2026,9:14,17:17,PRESENT
1077,5/1/2026,9:21,17:56,PRESENT
1077,5/4/2026,9:27,17:58,PRESENT
1077,5/5/2026,9:19,17:40,PRESENT
1077,5/7/2026,9:01,19:51,OVERTIME
1077,5/8/2026,9:16,17:06,PRESENT
1077,5/9/2026,9:21,19:50,OVERTIME
1077,5/11/2026,9:28,17:40,PRESENT
1077,5/12/2026,9:03,17:24,PRESENT
1077,5/13/2026,9:04,17:03,PRESENT
1077,5/14/2026,9:19,19:40,OVERTIME
1077,5/15/2026,9:03,19:03,OVERTIME
1077,5/18/2026,9:14,19:50,OVERTIME
1077,5/20/2026,9:27,19:39,OVERTIME
1077,5/21/2026,9:43,17:29,LATE
1077,5/22/2026,9:06,17:00,PRESENT
1077,5/25/2026,9:36,17:40,LATE
1077,5/26/2026,9:30,19:39,OVERTIME
1077,5/27/2026,9:02,17:08,PRESENT
1077,5/28/2026,9:41,18:19,LATE
1077,5/29/2026,9:09,17:30,PRESENT
1078,5/5/2026,9:35,17:27,LATE
1078,5/6/2026,9:40,17:50,LATE
1078,5/7/2026,9:30,19:44,OVERTIME
1078,5/8/2026,9:21,19:36,OVERTIME
1078,5/11/2026,9:29,17:31,PRESENT
1078,5/13/2026,9:14,18:39,PRESENT
1078,5/14/2026,9:21,19:24,OVERTIME
1078,5/15/2026,9:00,18:00,PRESENT
1078,5/18/2026,9:12,19:37,OVERTIME
1078,5/19/2026,9:01,17:12,PRESENT
1078,5/20/2026,9:16,19:11,OVERTIME
1078,5/21/2026,9:11,17:01,PRESENT
1078,5/22/2026,9:06,17:53,PRESENT
1078,5/25/2026,9:13,18:29,PRESENT
1078,5/26/2026,9:42,17:33,LATE
1078,5/27/2026,9:27,19:04,OVERTIME
1078,5/28/2026,9:08,17:12,PRESENT
1078,5/29/2026,9:20,19:27,OVERTIME
1079,5/1/2026,9:12,19:18,OVERTIME
1079,5/4/2026,9:08,19:37,OVERTIME
1079,5/5/2026,9:05,18:50,PRESENT
1079,5/7/2026,9:41,19:23,OVERTIME
1079,5/8/2026,9:20,19:23,OVERTIME
1079,5/10/2026,9:37,18:40,LATE
1079,5/11/2026,9:02,17:14,PRESENT
1079,5/12/2026,9:15,18:13,PRESENT
1079,5/13/2026,9:36,17:59,LATE
1079,5/14/2026,9:05,17:48,PRESENT
1079,5/15/2026,9:22,17:37,PRESENT
1079,5/18/2026,9:27,18:23,PRESENT
1079,5/19/2026,9:24,17:11,PRESENT
1079,5/20/2026,9:04,18:57,PRESENT
1079,5/21/2026,9:32,19:41,OVERTIME
1079,5/22/2026,9:14,17:07,PRESENT
1079,5/25/2026,9:21,18:19,PRESENT
1079,5/26/2026,9:17,17:45,PRESENT
1079,5/27/2026,9:45,19:34,OVERTIME
1079,5/29/2026,9:22,18:25,PRESENT
1080,5/1/2026,9:09,18:14,PRESENT
1080,5/4/2026,9:35,18:46,LATE
1080,5/5/2026,9:05,18:54,PRESENT
1080,5/6/2026,9:44,18:13,LATE
1080,5/7/2026,9:01,18:08,PRESENT
1080,5/8/2026,9:00,18:51,PRESENT
1080,5/11/2026,9:25,19:34,OVERTIME
1080,5/12/2026,9:36,17:59,LATE
1080,5/13/2026,9:21,19:40,OVERTIME
1080,5/14/2026,9:36,18:24,LATE
1080,5/15/2026,9:34,18:12,LATE
1080,5/17/2026,9:19,17:10,PRESENT
1080,5/18/2026,9:02,19:38,OVERTIME
1080,5/19/2026,9:04,18:18,PRESENT
1080,5/20/2026,9:33,17:29,LATE
1080,5/21/2026,9:10,18:55,PRESENT
1080,5/22/2026,9:07,17:34,PRESENT
1080,5/25/2026,9:13,17:55,PRESENT
1080,5/26/2026,9:45,19:30,OVERTIME
1080,5/27/2026,9:19,19:12,OVERTIME
1080,5/28/2026,9:17,17:00,PRESENT
1080,5/29/2026,9:25,19:51,OVERTIME
1081,5/1/2026,9:29,19:02,OVERTIME
1081,5/3/2026,9:44,19:50,OVERTIME
1081,5/4/2026,9:11,18:15,PRESENT
1081,5/5/2026,9:27,18:24,PRESENT
1081,5/6/2026,9:36,17:25,LATE
1081,5/8/2026,9:10,18:56,PRESENT
1081,5/10/2026,9:13,18:26,PRESENT
1081,5/11/2026,9:23,17:48,PRESENT
1081,5/12/2026,9:20,18:28,PRESENT
1081,5/13/2026,9:02,18:01,PRESENT
1081,5/14/2026,9:29,18:21,PRESENT
1081,5/15/2026,9:25,17:00,PRESENT
1081,5/18/2026,9:29,18:29,PRESENT
1081,5/19/2026,9:15,19:28,OVERTIME
1081,5/20/2026,9:10,13:00,HALF_DAY
1081,5/21/2026,9:18,17:34,PRESENT
1081,5/22/2026,9:42,17:43,LATE
1081,5/25/2026,9:43,19:13,OVERTIME
1081,5/27/2026,9:33,19:42,OVERTIME
1081,5/28/2026,9:24,19:19,OVERTIME
1081,5/29/2026,9:03,18:49,PRESENT
1081,5/31/2026,9:01,18:01,PRESENT
1082,5/1/2026,9:12,19:42,OVERTIME
1082,5/2/2026,9:42,17:46,LATE
1082,5/4/2026,9:20,18:35,PRESENT
1082,5/5/2026,9:34,18:27,LATE
1082,5/6/2026,9:22,13:00,HALF_DAY
1082,5/7/2026,9:00,18:13,PRESENT
1082,5/9/2026,9:23,17:04,PRESENT
1082,5/11/2026,9:31,17:45,LATE
1082,5/12/2026,9:36,17:16,LATE
1082,5/13/2026,9:40,19:24,OVERTIME
1082,5/14/2026,9:44,17:21,LATE
1082,5/15/2026,9:44,18:54,LATE
1082,5/18/2026,9:28,18:32,PRESENT
1082,5/19/2026,9:37,19:00,OVERTIME
1082,5/20/2026,9:07,18:15,PRESENT
1082,5/21/2026,9:39,17:03,LATE
1082,5/22/2026,9:12,17:24,PRESENT
1082,5/24/2026,9:28,19:56,OVERTIME
1082,5/25/2026,9:41,17:33,LATE
1082,5/26/2026,9:18,17:14,PRESENT
1082,5/27/2026,9:15,17:34,PRESENT
1082,5/28/2026,9:15,19:44,OVERTIME
1082,5/29/2026,9:24,19:20,OVERTIME
1083,5/1/2026,9:12,17:40,PRESENT
1083,5/2/2026,9:11,19:35,OVERTIME
1083,5/3/2026,9:05,18:46,PRESENT
1083,5/4/2026,9:12,17:27,PRESENT
1083,5/5/2026,9:18,19:28,OVERTIME
1083,5/6/2026,9:30,17:23,PRESENT
1083,5/7/2026,9:28,18:32,PRESENT
1083,5/8/2026,9:09,18:01,PRESENT
1083,5/11/2026,9:19,19:34,OVERTIME
1083,5/12/2026,9:16,18:29,PRESENT
1083,5/13/2026,9:35,19:30,OVERTIME
1083,5/14/2026,9:30,17:09,PRESENT
1083,5/16/2026,9:23,18:25,PRESENT
1083,5/17/2026,9:23,18:31,PRESENT
1083,5/18/2026,9:04,18:56,PRESENT
1083,5/19/2026,9:24,19:10,OVERTIME
1083,5/20/2026,9:16,19:22,OVERTIME
1083,5/21/2026,9:44,18:44,LATE
1083,5/22/2026,9:27,19:15,OVERTIME
1083,5/24/2026,9:43,17:44,LATE
1083,5/25/2026,9:38,18:43,LATE
1083,5/26/2026,9:37,19:53,OVERTIME
1083,5/27/2026,9:05,19:45,OVERTIME
1083,5/28/2026,9:37,17:33,LATE
1083,5/29/2026,9:10,18:16,PRESENT
1084,5/1/2026,9:37,18:46,LATE
1084,5/2/2026,9:05,17:40,PRESENT
1084,5/4/2026,9:17,19:13,OVERTIME
1084,5/5/2026,9:19,17:10,PRESENT
1084,5/8/2026,9:33,18:41,LATE
1084,5/11/2026,9:08,17:31,PRESENT
1084,5/12/2026,9:28,19:52,OVERTIME
1084,5/13/2026,9:11,17:16,PRESENT
1084,5/14/2026,9:28,19:58,OVERTIME
1084,5/15/2026,9:10,17:18,PRESENT
1084,5/19/2026,9:31,19:48,OVERTIME
1084,5/21/2026,9:00,19:37,OVERTIME
1084,5/25/2026,9:33,18:59,LATE
1084,5/26/2026,9:38,18:21,LATE
1084,5/27/2026,9:20,17:23,PRESENT
1084,5/28/2026,9:03,18:55,PRESENT
1084,5/29/2026,9:29,19:25,OVERTIME
1084,5/30/2026,9:38,17:55,LATE
1084,5/31/2026,9:15,18:28,PRESENT
1085,5/1/2026,9:30,19:26,OVERTIME
1085,5/4/2026,9:20,17:40,PRESENT
1085,5/6/2026,9:20,19:28,OVERTIME
1085,5/7/2026,9:39,17:22,LATE
1085,5/8/2026,9:30,19:54,OVERTIME
1085,5/11/2026,9:45,17:55,LATE
1085,5/12/2026,9:45,19:02,OVERTIME
1085,5/13/2026,9:19,19:35,OVERTIME
1085,5/14/2026,9:28,17:30,PRESENT
1085,5/15/2026,9:13,17:48,PRESENT
1085,5/18/2026,9:01,17:59,PRESENT
1085,5/19/2026,9:17,17:46,PRESENT
1085,5/20/2026,9:42,17:42,LATE
1085,5/21/2026,9:31,17:50,LATE
1085,5/22/2026,9:36,19:04,OVERTIME
1085,5/25/2026,9:24,19:41,OVERTIME
1085,5/26/2026,9:27,17:14,PRESENT
1085,5/27/2026,9:07,17:21,PRESENT
1085,5/28/2026,9:07,19:23,OVERTIME
1085,5/29/2026,9:24,13:00,OVERTIME
1086,5/1/2026,9:27,18:49,PRESENT
1086,5/4/2026,9:38,19:14,OVERTIME
1086,5/6/2026,9:20,17:52,PRESENT
1086,5/7/2026,9:31,19:29,OVERTIME
1086,5/8/2026,9:42,19:02,OVERTIME
1086,5/10/2026,9:45,19:30,OVERTIME
1086,5/11/2026,9:18,19:24,OVERTIME
1086,5/12/2026,9:09,19:13,OVERTIME
1086,5/13/2026,9:14,19:47,OVERTIME
1086,5/14/2026,9:11,18:46,PRESENT
1086,5/15/2026,9:42,17:01,LATE
1086,5/18/2026,9:25,18:04,PRESENT
1086,5/19/2026,9:44,17:44,LATE
1086,5/20/2026,9:08,18:48,PRESENT
1086,5/21/2026,9:03,19:19,OVERTIME
1086,5/22/2026,9:08,18:44,PRESENT
1086,5/23/2026,9:12,13:00,OVERTIME
1086,5/25/2026,9:43,17:24,LATE
1086,5/26/2026,9:10,17:06,PRESENT
1086,5/27/2026,9:03,17:32,PRESENT
1086,5/28/2026,9:09,19:46,OVERTIME
1087,5/1/2026,9:11,19:47,OVERTIME
1087,5/4/2026,9:29,19:24,OVERTIME
1087,5/5/2026,9:23,17:07,PRESENT
1087,5/6/2026,9:41,19:58,OVERTIME
1087,5/8/2026,9:36,18:17,LATE
1087,5/11/2026,9:41,19:27,OVERTIME
1087,5/12/2026,9:20,17:45,PRESENT
1087,5/13/2026,9:11,18:52,PRESENT
1087,5/14/2026,9:34,19:31,OVERTIME
1087,5/15/2026,9:34,19:52,OVERTIME
1087,5/18/2026,9:07,17:55,PRESENT
1087,5/19/2026,9:35,18:51,LATE
1087,5/21/2026,9:41,17:05,LATE
1087,5/22/2026,9:02,17:07,PRESENT
1087,5/25/2026,9:42,17:15,LATE
1087,5/26/2026,9:33,18:42,LATE
1087,5/27/2026,9:31,19:20,OVERTIME
1087,5/28/2026,9:22,19:34,OVERTIME
1087,5/29/2026,9:42,17:15,LATE
1087,5/31/2026,9:08,19:35,OVERTIME
1088,5/1/2026,9:08,19:39,OVERTIME
1088,5/4/2026,9:10,18:29,PRESENT
1088,5/5/2026,9:27,19:09,OVERTIME
1088,5/7/2026,9:40,19:41,OVERTIME
1088,5/8/2026,9:42,19:52,OVERTIME
1088,5/10/2026,9:27,18:01,PRESENT
1088,5/11/2026,9:17,17:34,PRESENT
1088,5/12/2026,9:04,18:40,PRESENT
1088,5/13/2026,9:17,17:55,PRESENT
1088,5/14/2026,9:06,18:14,PRESENT
1088,5/15/2026,9:07,17:33,PRESENT
1088,5/17/2026,9:33,18:44,LATE
1088,5/18/2026,9:17,19:06,OVERTIME
1088,5/19/2026,9:24,17:22,PRESENT
1088,5/20/2026,9:34,19:38,OVERTIME
1088,5/21/2026,9:37,13:00,HALF_DAY
1088,5/22/2026,9:09,19:08,OVERTIME
1088,5/25/2026,9:40,18:45,LATE
1088,5/26/2026,9:26,19:29,OVERTIME
1088,5/27/2026,9:29,19:18,OVERTIME
1088,5/28/2026,9:45,17:19,LATE
1088,5/29/2026,9:19,18:49,PRESENT
1089,5/1/2026,9:05,17:36,PRESENT
1089,5/4/2026,9:00,18:43,PRESENT
1089,5/5/2026,9:30,18:32,PRESENT
1089,5/6/2026,9:34,19:07,OVERTIME
1089,5/7/2026,9:00,19:27,OVERTIME
1089,5/8/2026,9:15,19:42,OVERTIME
1089,5/9/2026,9:33,19:38,OVERTIME
1089,5/11/2026,9:33,17:11,LATE
1089,5/12/2026,9:32,18:03,LATE
1089,5/13/2026,9:23,17:21,PRESENT
1089,5/14/2026,9:34,17:18,LATE
1089,5/15/2026,9:13,17:47,PRESENT
1089,5/17/2026,9:41,19:52,OVERTIME
1089,5/18/2026,9:39,18:03,LATE
1089,5/19/2026,9:21,18:22,PRESENT
1089,5/20/2026,9:11,13:00,HALF_DAY
1089,5/21/2026,9:12,17:33,PRESENT
1089,5/22/2026,9:07,18:00,PRESENT
1089,5/25/2026,9:19,18:27,PRESENT
1089,5/26/2026,9:17,17:28,PRESENT
1089,5/27/2026,9:08,18:47,PRESENT
1089,5/28/2026,9:45,17:07,LATE
1090,5/1/2026,9:10,19:12,OVERTIME
1090,5/2/2026,9:07,18:31,PRESENT
1090,5/4/2026,9:20,18:32,PRESENT
1090,5/5/2026,9:24,17:07,PRESENT
1090,5/6/2026,9:08,17:22,PRESENT
1090,5/7/2026,9:15,17:43,PRESENT
1090,5/8/2026,9:38,19:00,OVERTIME
1090,5/11/2026,9:15,19:09,OVERTIME
1090,5/12/2026,9:17,17:55,PRESENT
1090,5/13/2026,9:42,18:12,LATE
1090,5/14/2026,9:06,19:46,OVERTIME
1090,5/15/2026,9:37,19:40,OVERTIME
1090,5/18/2026,9:12,13:00,HALF_DAY
1090,5/19/2026,9:03,18:26,PRESENT
1090,5/20/2026,9:14,17:21,PRESENT
1090,5/22/2026,9:03,18:07,PRESENT
1090,5/25/2026,9:20,17:11,PRESENT
1090,5/27/2026,9:13,18:30,PRESENT
1090,5/28/2026,9:27,17:16,PRESENT
1090,5/29/2026,9:19,17:06,PRESENT
1091,5/1/2026,9:23,19:51,OVERTIME
1091,5/4/2026,9:41,18:13,LATE
1091,5/5/2026,9:06,17:40,PRESENT
1091,5/6/2026,9:37,19:52,OVERTIME
1091,5/7/2026,9:06,17:34,PRESENT
1091,5/8/2026,9:30,17:34,PRESENT
1091,5/11/2026,9:16,19:22,OVERTIME
1091,5/12/2026,9:45,17:58,LATE
1091,5/13/2026,9:33,13:00,OVERTIME
1091,5/14/2026,9:44,17:18,LATE
1091,5/15/2026,9:44,17:47,LATE
1091,5/18/2026,9:04,17:28,PRESENT
1091,5/19/2026,9:24,18:38,PRESENT
1091,5/20/2026,9:10,19:13,OVERTIME
1091,5/22/2026,9:32,18:32,LATE
1091,5/25/2026,9:45,18:35,LATE
1091,5/26/2026,9:34,17:18,LATE
1091,5/27/2026,9:17,17:17,PRESENT
1091,5/29/2026,9:13,13:00,OVERTIME
1092,5/1/2026,9:05,19:56,OVERTIME
1092,5/4/2026,9:20,17:40,PRESENT
1092,5/5/2026,9:14,19:17,OVERTIME
1092,5/6/2026,9:34,19:55,OVERTIME
1092,5/7/2026,9:06,19:47,OVERTIME
1092,5/8/2026,9:16,19:40,OVERTIME
1092,5/11/2026,9:13,19:40,OVERTIME
1092,5/12/2026,9:09,18:14,PRESENT
1092,5/13/2026,9:09,18:05,PRESENT
1092,5/14/2026,9:11,17:36,PRESENT
1092,5/15/2026,9:41,18:01,LATE
1092,5/16/2026,9:43,19:12,OVERTIME
1092,5/18/2026,9:41,18:06,LATE
1092,5/19/2026,9:00,19:06,OVERTIME
1092,5/21/2026,9:41,17:08,LATE
1092,5/22/2026,9:09,13:00,OVERTIME
1092,5/23/2026,9:06,19:47,OVERTIME
1092,5/24/2026,9:08,18:48,PRESENT
1092,5/25/2026,9:10,18:21,PRESENT
1092,5/26/2026,9:34,19:17,OVERTIME
1092,5/27/2026,9:02,17:34,PRESENT
1092,5/28/2026,9:26,17:00,PRESENT
1093,5/1/2026,9:14,19:24,OVERTIME
1093,5/3/2026,9:07,17:06,PRESENT
1093,5/4/2026,9:04,19:21,OVERTIME
1093,5/5/2026,9:05,17:38,PRESENT
1093,5/6/2026,9:21,19:11,OVERTIME
1093,5/7/2026,9:42,19:19,OVERTIME
1093,5/8/2026,9:06,18:58,PRESENT
1093,5/11/2026,9:04,17:55,PRESENT
1093,5/12/2026,9:41,17:20,LATE
1093,5/13/2026,9:30,17:07,PRESENT
1093,5/14/2026,9:17,17:05,PRESENT
1093,5/15/2026,9:24,18:20,PRESENT
1093,5/17/2026,9:40,18:08,LATE
1093,5/18/2026,9:15,18:26,PRESENT
1093,5/19/2026,9:31,19:34,OVERTIME
1093,5/20/2026,9:37,19:26,OVERTIME
1093,5/21/2026,9:14,19:05,OVERTIME
1093,5/25/2026,9:07,17:58,PRESENT
1093,5/26/2026,9:08,18:29,PRESENT
1093,5/27/2026,9:26,17:13,PRESENT
1093,5/29/2026,9:44,19:09,OVERTIME
1093,5/31/2026,9:44,17:42,LATE
1094,5/1/2026,9:38,17:01,LATE
1094,5/5/2026,9:26,17:48,PRESENT
1094,5/6/2026,9:33,19:19,OVERTIME
1094,5/7/2026,9:28,13:00,OVERTIME
1094,5/8/2026,9:03,19:02,OVERTIME
1094,5/11/2026,9:27,19:56,OVERTIME
1094,5/12/2026,9:16,19:32,OVERTIME
1094,5/13/2026,9:10,18:05,PRESENT
1094,5/14/2026,9:08,19:13,OVERTIME
1094,5/17/2026,9:38,17:52,LATE
1094,5/18/2026,9:41,19:25,OVERTIME
1094,5/19/2026,9:23,19:27,OVERTIME
1094,5/20/2026,9:04,18:38,PRESENT
1094,5/21/2026,9:15,18:10,PRESENT
1094,5/25/2026,9:35,17:40,LATE
1094,5/26/2026,9:05,19:36,OVERTIME
1094,5/27/2026,9:30,17:03,PRESENT
1094,5/28/2026,9:00,18:48,PRESENT
1094,5/29/2026,9:12,18:48,PRESENT
1095,5/1/2026,9:21,18:57,PRESENT
1095,5/3/2026,9:37,18:30,LATE
1095,5/4/2026,9:18,17:09,PRESENT
1095,5/6/2026,9:45,17:56,LATE
1095,5/7/2026,9:09,19:10,OVERTIME
1095,5/8/2026,9:38,19:33,OVERTIME
1095,5/11/2026,9:23,19:54,OVERTIME
1095,5/13/2026,9:43,18:15,LATE
1095,5/14/2026,9:04,17:36,PRESENT
1095,5/15/2026,9:00,17:49,PRESENT
1095,5/17/2026,9:05,18:06,PRESENT
1095,5/18/2026,9:18,17:04,PRESENT
1095,5/19/2026,9:05,17:11,PRESENT
1095,5/20/2026,9:30,18:48,PRESENT
1095,5/21/2026,9:08,17:36,PRESENT
1095,5/22/2026,9:18,18:26,PRESENT
1095,5/23/2026,9:23,19:54,OVERTIME
1095,5/25/2026,9:26,19:28,OVERTIME
1095,5/26/2026,9:43,17:39,LATE
1095,5/28/2026,9:44,19:00,OVERTIME
1095,5/29/2026,9:24,17:36,PRESENT
1096,5/1/2026,9:05,18:29,PRESENT
1096,5/3/2026,9:11,19:06,OVERTIME
1096,5/4/2026,9:27,17:25,PRESENT
1096,5/5/2026,9:38,18:13,LATE
1096,5/6/2026,9:17,18:02,PRESENT
1096,5/7/2026,9:09,19:13,OVERTIME
1096,5/11/2026,9:23,18:30,PRESENT
1096,5/12/2026,9:01,19:27,OVERTIME
1096,5/13/2026,9:05,17:04,PRESENT
1096,5/14/2026,9:45,18:55,LATE
1096,5/15/2026,9:16,17:53,PRESENT
1096,5/16/2026,9:19,17:12,PRESENT
1096,5/18/2026,9:44,17:44,LATE
1096,5/19/2026,9:36,13:00,HALF_DAY
1096,5/20/2026,9:38,17:04,LATE
1096,5/21/2026,9:09,18:42,PRESENT
1096,5/22/2026,9:20,17:09,PRESENT
1096,5/23/2026,9:20,17:50,PRESENT
1096,5/25/2026,9:00,18:53,PRESENT
1096,5/26/2026,9:40,19:06,OVERTIME
1096,5/27/2026,9:12,18:44,PRESENT
1096,5/28/2026,9:24,17:22,PRESENT
1096,5/29/2026,9:43,19:00,OVERTIME
1097,5/1/2026,9:07,19:31,OVERTIME
1097,5/4/2026,9:34,18:33,LATE
1097,5/5/2026,9:11,18:27,PRESENT
1097,5/6/2026,9:10,19:27,OVERTIME
1097,5/7/2026,9:44,19:27,OVERTIME
1097,5/8/2026,9:06,17:51,PRESENT
1097,5/11/2026,9:06,18:47,PRESENT
1097,5/12/2026,9:06,19:28,OVERTIME
1097,5/13/2026,9:42,18:54,LATE
1097,5/14/2026,9:29,19:24,OVERTIME
1097,5/15/2026,9:07,18:50,PRESENT
1097,5/17/2026,9:25,17:23,PRESENT
1097,5/18/2026,9:17,19:16,OVERTIME
1097,5/19/2026,9:26,13:00,OVERTIME
1097,5/20/2026,9:02,17:01,PRESENT
1097,5/21/2026,9:33,19:38,OVERTIME
1097,5/22/2026,9:36,18:15,LATE
1097,5/25/2026,9:03,19:27,OVERTIME
1097,5/26/2026,9:11,18:57,PRESENT
1097,5/27/2026,9:14,17:45,PRESENT
1097,5/28/2026,9:40,19:50,OVERTIME
1097,5/29/2026,9:16,19:10,OVERTIME
1098,5/1/2026,9:40,13:00,OVERTIME
1098,5/4/2026,9:08,18:40,PRESENT
1098,5/5/2026,9:15,19:57,OVERTIME
1098,5/6/2026,9:15,19:49,OVERTIME
1098,5/7/2026,9:16,19:03,OVERTIME
1098,5/8/2026,9:40,17:40,LATE
1098,5/9/2026,9:38,17:06,LATE
1098,5/11/2026,9:04,18:54,PRESENT
1098,5/12/2026,9:25,17:31,PRESENT
1098,5/13/2026,9:31,19:04,OVERTIME
1098,5/14/2026,9:20,19:58,OVERTIME
1098,5/15/2026,9:19,17:57,PRESENT
1098,5/19/2026,9:22,18:39,PRESENT
1098,5/21/2026,9:16,17:12,PRESENT
1098,5/22/2026,9:33,19:48,OVERTIME
1098,5/23/2026,9:13,17:20,PRESENT
1098,5/25/2026,9:08,18:17,PRESENT
1098,5/26/2026,9:22,19:35,OVERTIME
1098,5/27/2026,9:31,18:32,LATE
1098,5/28/2026,9:16,17:12,PRESENT
1098,5/29/2026,9:17,18:06,PRESENT
1099,5/1/2026,9:31,18:56,LATE
1099,5/4/2026,9:06,19:24,OVERTIME
1099,5/5/2026,9:23,19:52,OVERTIME
1099,5/6/2026,9:02,19:16,OVERTIME
1099,5/7/2026,9:41,19:22,OVERTIME
1099,5/8/2026,9:20,18:50,PRESENT
1099,5/11/2026,9:09,13:00,HALF_DAY
1099,5/12/2026,9:45,18:13,LATE
1099,5/13/2026,9:14,19:04,OVERTIME
1099,5/14/2026,9:33,17:06,LATE
1099,5/15/2026,9:42,17:36,LATE
1099,5/18/2026,9:20,17:12,PRESENT
1099,5/19/2026,9:02,18:26,PRESENT
1099,5/20/2026,9:38,18:37,LATE
1099,5/21/2026,9:18,17:41,PRESENT
1099,5/22/2026,9:00,18:18,PRESENT
1099,5/25/2026,9:21,19:01,OVERTIME
1099,5/26/2026,9:26,19:19,OVERTIME
1099,5/27/2026,9:25,17:35,PRESENT
1099,5/28/2026,9:03,18:19,PRESENT
1099,5/29/2026,9:41,17:53,LATE
1100,5/4/2026,9:44,19:27,OVERTIME
1100,5/5/2026,9:23,19:00,OVERTIME
1100,5/6/2026,9:16,17:07,PRESENT
1100,5/7/2026,9:16,18:44,PRESENT
1100,5/8/2026,9:17,19:10,OVERTIME
1100,5/11/2026,9:09,19:56,OVERTIME
1100,5/12/2026,9:40,18:42,LATE
1100,5/13/2026,9:36,18:42,LATE
1100,5/14/2026,9:30,17:05,PRESENT
1100,5/15/2026,9:05,18:35,PRESENT
1100,5/18/2026,9:44,17:04,LATE
1100,5/21/2026,9:24,17:31,PRESENT
1100,5/22/2026,9:37,19:32,OVERTIME
1100,5/25/2026,9:09,19:06,OVERTIME
1100,5/26/2026,9:23,18:28,PRESENT
1100,5/27/2026,9:25,17:04,PRESENT
1100,5/28/2026,9:19,19:41,OVERTIME
1100,5/29/2026,9:06,19:07,OVERTIME
1100,5/30/2026,9:01,18:42,PRESENT
